id,domain,status,purchase_price,renewal_price,attractiveness,demand,length,registrar,created_at,expires_at,status_verified_at
3d1eb745-aa96-4d78-ae6e-cf7e9cb18a3e,abwatt.dealer,available,2099,2099,medium,low,6,namesilo,,,16/09/2026 19:39
077bf2d8-6861-465f-a154-b3618d58267a,frontenac.dealer,available,2000.2,2000.2,medium,low,9,cloudflare,,,02/10/2026 00:51
33ed6014-08af-4022-afa8-8483d759404f,iii.dealer,premium,2015,2600,high,low,3,namecheap,,,
f769fd91-3950-422b-9723-55d95c34d766,mindfully.dealer,available,498,2348,high,low,9,namecheap,,,13/09/2026 17:29
7a9c8ebf-2d6d-4f87-974b-24e67a7c5486,bilateral.dealer,premium,2015,2600,high,low,9,namecheap,,,09/08/2026 21:14
35fc2c75-5b47-4daa-aace-4f65858ac517,guido.dealer,premium,4278,2660,high,low,5,namesilo,,,27/09/2026 06:38
f0e105a7-21eb-4b2b-b48f-d86bbe27f010,malt.dealer,premium,2015,2600,high,low,4,namecheap,,,24/08/2026 14:13
b3da4759-cd30-448d-a1d2-54ddda9de9f3,aro.dealer,available,258.95,2052.9,high,low,3,spaceship,,,30/09/2026 03:42
7207bbd9-ee28-4678-8939-c56d8abf73f5,smartphones.dealer,premium,,,high,low,11,,,,30/09/2026 07:44
c01625bb-9a99-49bc-bce9-7e705247379f,alastair.dealer,premium,1604.45,2070.2,high,low,8,spaceship,,,01/10/2026 08:31
89626f68-f4b9-414e-bbbd-a84e6dfd4c0b,akko.dealer,available,2099,2099,medium,low,4,namesilo,,,16/09/2026 22:23
e00d1686-2f10-4f4e-9342-b4d80f9f0d81,microbar.dealer,available,2099,2099,medium,low,8,namesilo,,,22/09/2026 03:48
2ebfdf91-f84f-4a16-9135-d3fb65fe867b,fulminant.dealer,available,350,3799.99,medium,low,9,name.com,,,18/08/2026 18:18
4f6c0a38-03ee-4df4-bc73-2b8678f75d2f,favours.dealer,premium,4278,2660,medium,low,7,namesilo,,,17/09/2026 23:24
27bca413-6cff-4ee3-b80e-dd8fe808ef3c,blessing.dealer,premium,2015,2600,high,low,8,namecheap,,,06/08/2026 09:29
7ec3d577-fe2b-4256-a353-8728b27f3328,zaire.dealer,premium,4278,2660,high,medium,5,namesilo,,,23/09/2026 04:58
b8597e84-1a49-40ce-a5e0-4a9b64b77c1d,unarmed.dealer,premium,2015,2600,medium,low,7,namecheap,,,12/09/2026 01:00
0c11f4c4-08ee-4263-b5da-31e50ade2338,decline.dealer,premium,4278,2660,medium,low,7,namesilo,,,28/09/2026 13:52
1f7822cd-2661-4e99-9af2-32b2715ffc64,screwing.dealer,premium,2015,2600,medium,low,8,namecheap,,,18/08/2026 17:28
498af398-a7e3-4a0e-a210-1d12b13cfbdb,fuckster.dealer,available,350,,medium,low,8,name.com,,,
af471374-55c1-4563-a865-64f330404310,rudolf.dealer,premium,4278,2660,high,low,6,namesilo,,,25/09/2026 15:40
e327b036-d00b-4da4-8d2e-eb6b6b48c639,bookmark.dealer,premium,4278,2660,high,low,8,namesilo,,,24/09/2026 07:12
6d6b555e-c5d1-4c46-85f9-060290c36ec2,excited.dealer,premium,4278,2660,high,low,7,namesilo,,,24/09/2026 15:55
d0247882-817a-41de-96ca-9247e9de3831,planate.dealer,available,350,3799.99,medium,low,7,name.com,,,18/08/2026 06:53
3be2f321-70df-42a1-874d-b173080c24d9,lanka.dealer,premium,4278,2660,high,low,5,namesilo,,,25/09/2026 15:46
fd128b13-e5ed-4879-a089-5ff37d01aaf5,proceeding.dealer,premium,2015,2600,medium,low,10,namecheap,,,28/09/2026 10:14
f7eda343-7dad-4d46-a43d-e8fc016ba6fb,rugged.dealer,premium,2015,2600,high,low,6,namecheap,,,18/08/2026 18:56
49a2a956-166f-4cfd-b416-62be0b776225,critique.dealer,premium,4278,2660,high,low,8,namesilo,,,29/09/2026 12:05
cd1d1fc1-5c1a-42c5-806d-8d493a7940d9,bowls.dealer,premium,4278,2660,high,low,5,namesilo,,,29/09/2026 03:46
90d2f77c-628c-4593-9822-ec24e0466dfa,demand.dealer,premium,4278,2660,high,low,6,namesilo,,,24/09/2026 15:48
7eb0648a-fc84-4254-97ac-d7051070d9fb,unassigned.dealer,available,498,2348,medium,low,10,namecheap,,,12/09/2026 01:12
f4845da5-00ea-4247-80c8-d1ebe748ea2c,thurston.dealer,premium,1604.45,2070.2,medium,low,8,spaceship,,,28/09/2026 04:06
9002aae7-d351-423f-8462-56dcde115511,nigerien.dealer,available,498,2348,medium,low,8,namecheap,,,03/09/2026 17:14
ba2ba49f-5caa-4622-9757-4ebcf1f5861d,hoodlum.dealer,premium,2015,2600,high,medium,7,namecheap,,,09/09/2026 06:04
adfdb86a-d1f5-40d7-805f-c47d1b48798b,tentacular.dealer,available,350,3799.99,medium,low,10,name.com,,,11/09/2026 11:35
a109c863-d97d-474f-916a-3f32d3166406,pga.dealer,premium,4278,2660,high,low,3,namesilo,,,28/09/2026 07:12
4943dacd-64f5-429f-9bff-2f897eb0cb6f,deputy.dealer,premium,1604.45,2070.2,high,low,6,spaceship,,,29/09/2026 14:04
94309907-c7b1-4e69-bcd9-fb1c83c3928c,abe.dealer,premium,4278,2660,high,low,3,namesilo,,,25/09/2026 11:28
ad5d805c-6081-428f-b28e-9c549ea071d6,aigret.dealer,available,498,2348,medium,low,6,namecheap,,,17/09/2026 20:56
2f7651f1-cc84-4810-bbe8-c03841034a33,robyn.dealer,premium,4278,2660,high,low,5,namesilo,,,29/09/2026 22:07
14d0591b-9526-4b8f-bc68-b5ecee07924d,baht.dealer,available,498,2348,high,low,4,namecheap,,,21/09/2026 18:46
f1d62452-255c-41bd-b09c-3faa6744196c,eldon.dealer,premium,4278,2660,medium,low,5,namesilo,,,30/09/2026 04:31
fa80aa36-62f5-4d63-a5de-d12d3b8ce399,leaning.dealer,premium,2015,2600,high,low,7,namecheap,,,07/08/2026 13:24
82d5daf8-0468-4f0b-bcad-92c3987114ae,kitchens.dealer,premium,4278,2660,medium,low,8,namesilo,,,02/10/2026 03:24
054a9795-f848-4ec9-ba92-fde4bcad89d5,metro.dealer,premium,1604.45,2070.2,high,high,5,spaceship,,,28/09/2026 06:24
bbaa7250-aab9-46c3-b7ea-7192a62fc5a6,splattered.dealer,premium,2499,3799.99,medium,low,10,name.com,,,13/08/2026 15:21
412ba580-1bff-46fa-bd08-dfc85fe0fb31,calculated.dealer,premium,2015,2600,high,low,10,namecheap,,,11/08/2026 13:58
a7b4c401-2911-4f74-b3e7-02a7cf63add6,threshold.dealer,premium,4278,2660,high,low,9,namesilo,,,24/09/2026 10:33
bf6327c9-4c49-4e1d-bd99-cedad50cb4a1,cynic.dealer,premium,2015,2600,high,low,5,namecheap,,,24/09/2026 20:49
2da75a79-eeba-43be-b6e2-320fb4e242d9,minder.dealer,available,2099,2099,medium,low,6,namesilo,,,21/09/2026 13:29
75132704-6975-44e7-9380-693bfa111675,atonic.dealer,available,350,3799.99,low,low,6,name.com,,,07/08/2026 13:54
4e033237-7a17-49c7-969f-7fffd0770abf,marching.dealer,premium,,,high,low,8,,,,28/09/2026 02:19
043dca13-95a0-4593-abfd-e9e211108dfc,total.dealer,premium,4278,2660,high,medium,5,namesilo,,,21/09/2026 22:55
be20dfea-1534-4086-990a-d79b34a1fe77,bowelless.dealer,available,350,3799.99,high,medium,9,name.com,,,10/08/2026 23:08
383eccbb-37a8-4fa8-9048-66a6d1eb24b1,novels.dealer,premium,4278,2660,medium,low,6,namesilo,,,28/09/2026 23:11
a1b1960c-f807-4651-86e8-b0e7990f4bef,calculable.dealer,available,350,3799.99,medium,low,10,name.com,,,11/08/2026 13:54
f9be8c43-b499-40e3-b5be-e3923981fea2,hepatic.dealer,premium,2015,2600,medium,low,7,namecheap,,,21/08/2026 06:47
55fc58be-565c-4b5f-917e-c84d03f4aa96,troublesome.dealer,premium,1604.45,2070.2,medium,low,11,spaceship,,,29/09/2026 20:56
33ccdd84-46fb-46f9-82f6-af2e3fd3ac4b,sinless.dealer,available,350,3799.99,medium,low,7,name.com,,,21/08/2026 21:57
5fc76e04-0194-4360-9bcf-53fe7b9fd3ec,slammed.dealer,premium,1604.45,2070.2,medium,low,7,spaceship,,,30/09/2026 03:50
cf73f504-e7b3-47d1-a021-a43b10570fbe,incomplete.dealer,premium,2015,2600,high,low,10,namecheap,,,22/08/2026 01:53
ae34ac78-b1ad-4c27-aa8d-28427b4d8e3a,demons.dealer,premium,4278,2660,low,low,6,namesilo,,,25/09/2026 21:42
78051965-6e08-4cfb-90df-999119c6593a,bibulous.dealer,available,350,3799.99,low,low,8,name.com,,,09/08/2026 18:58
f61aab6e-b014-4e4b-8784-6712f2749c24,astrometry.dealer,available,498,2348,medium,low,10,namecheap,,,20/09/2026 17:53
b28df3fb-028e-4b21-b567-9c7feeefba09,recruiting.dealer,premium,,,high,low,10,,,,28/09/2026 21:30
313aef33-b2ba-4da3-bc77-2977bac53052,possessions.dealer,premium,2015,2600,low,low,11,namecheap,,,28/09/2026 17:10
36214918-ec4f-46b7-b792-d65fbf56cde5,affliction.dealer,premium,4278,2660,medium,low,10,namesilo,,,17/09/2026 14:39
9e690b58-ff5d-46a6-b61a-2b0dbe23aea3,false.dealer,premium,4278,2660,high,low,5,namesilo,,,22/09/2026 10:15
b7f6dfc7-610a-46f9-bf2d-c60296b441a0,stages.dealer,premium,4278,2660,high,low,6,namesilo,,,16/09/2026 12:11
715243ff-8652-47b0-b755-ef2b4611a9c7,admired.dealer,premium,2015,2600,high,low,7,namecheap,,,21/09/2026 18:53
9a88a706-0174-4487-a4f2-a6dd4e3c09b4,watched.dealer,premium,4278,2660,high,low,7,namesilo,,,18/09/2026 01:33
2a56349e-95ee-452b-8b90-2c9871822408,autumn.dealer,premium,1604.45,2070.2,high,low,6,spaceship,,,28/09/2026 23:31
3ae3dab9-9ebd-497d-aa11-610c34072bd9,doggo.dealer,available,498,2348,medium,low,5,namecheap,,,14/09/2026 13:35
060989e0-1350-4c82-bf93-91ca0ea7056e,chipper.dealer,premium,2015,2600,high,low,7,namecheap,,,12/08/2026 05:56
dedaf20f-be62-49af-92b2-2da4a426e47a,biracial.dealer,premium,2015,2600,high,low,8,namecheap,,,10/08/2026 05:42
39325386-17cc-4163-8a3d-b1c07ac01d9b,veil.dealer,premium,4278,2660,high,low,4,namesilo,,,29/09/2026 06:45
9d7a2a38-6837-4f29-bac1-e7659798051f,orbit.dealer,premium,4278,2660,high,medium,5,namesilo,,,18/09/2026 16:49
e5ba113a-8be2-4ae4-b267-bab250495fac,hobble.dealer,premium,2015,2600,medium,low,6,namecheap,,,23/08/2026 13:26
e5066d5c-c286-4f56-94d6-a8aa87e73537,billings.dealer,premium,4278,2660,high,low,8,namesilo,,,23/09/2026 16:32
a29bcb87-ff9a-468c-af69-76bc1b3a7579,beefcake.dealer,available,2099,2099,medium,low,8,namesilo,,,23/09/2026 01:06
359e6e06-f9ba-4f1b-8581-a8f0fb928dce,ruben.dealer,premium,1604.45,2070.2,high,low,5,spaceship,,,29/09/2026 00:07
383ecd7e-4271-45aa-bf47-d2700ba8f196,involuntary.dealer,premium,,,medium,low,11,,,,30/09/2026 11:32
c5a82e12-5133-4baf-92c2-c005c84f4d59,arjuna.dealer,available,2099,2099,high,low,6,namesilo,,,20/09/2026 06:08
d867fd86-e8c5-4cbc-93eb-94361273c7ed,wholesale.dealer,premium,2015,2600,high,low,9,namecheap,,,28/09/2026 09:01
ca986929-99c8-4fdd-b347-379274c33e20,nailed.dealer,premium,4278,2660,medium,low,6,namesilo,,,18/09/2026 21:49
31f9f11c-9b9d-4ce5-9b95-306a726b0d8f,atkins.dealer,premium,4278,2660,high,low,6,namesilo,,,25/09/2026 17:28
e131c59e-4901-4d49-a662-0c8a3c658ee3,dwayne.dealer,premium,,,medium,low,6,,,,30/09/2026 13:18
15edad82-561c-43f7-b921-f7942beb40fa,rites.dealer,premium,1604.45,2070.2,medium,low,5,spaceship,,,29/09/2026 11:15
c10ed586-122f-4670-9bc2-f8b3b61c26d4,pomerania.dealer,available,2099,2099,medium,low,9,namesilo,,,29/09/2026 09:31
379b9b91-e16f-4beb-bc83-d8c667a9d413,rust.dealer,premium,1604.45,2070.2,high,medium,4,spaceship,,,27/09/2026 17:39
3ee62886-de38-4545-bd0e-ea6a9340b9e2,nippy.dealer,available,498,2348,high,low,5,namecheap,,,03/09/2026 17:42
4c9bc39c-e66a-4cec-a2eb-2872b37cadcd,mnemonic.dealer,premium,2015,2600,high,low,8,namecheap,,,25/08/2026 02:12
45ab6f53-f7a5-49f5-9502-cec401a7145c,pastoral.dealer,premium,2015,2600,high,low,8,namecheap,,,06/08/2026 14:20
7eb3c51a-dbc3-4134-b156-e03487012be4,subway.dealer,premium,4278,2660,high,low,6,namesilo,,,25/09/2026 23:41
4f540604-6606-4221-b927-3b80ff9dc6e1,congestion.dealer,premium,1604.45,2070.2,high,low,10,spaceship,,,29/09/2026 10:56
52f6f8aa-29bb-4fdc-879e-33381a2b901d,agnostical.dealer,available,350,3799.99,medium,low,10,name.com,,,
f91851f1-2ca5-42fc-9213-eab24d0ff441,ternion.dealer,available,350,3799.99,medium,low,7,name.com,,,
539cf14b-e101-403b-9072-32a418bb6e94,juliana.dealer,premium,1604.45,2070.2,medium,low,7,spaceship,,,29/09/2026 09:40
38f6c94b-9bd3-4d57-9041-bb18d0e18015,tna.dealer,premium,4278,2660,medium,low,3,namesilo,,,29/09/2026 03:35
9556ad84-3a0b-4833-a4cf-e9711d4b2f67,ongoing.dealer,premium,2015,2600,high,low,7,namecheap,,,04/09/2026 13:59
5576adce-de5d-4334-a437-414f54ce4fb7,trot.dealer,premium,1604.45,2070.2,high,low,4,spaceship,,,01/10/2026 02:54
0deb4915-a0ae-4c4c-909b-0e06398820c8,panicky.dealer,premium,2015,2600,medium,low,7,namecheap,,,05/09/2026 00:54
57e87c93-6ce0-4d62-beee-30398aa652c3,tougher.dealer,premium,,,high,low,7,,,,29/09/2026 11:36
38113aed-02a4-449a-8234-536ed82cb85d,hostelry.dealer,available,2099,2099,high,low,8,namesilo,,,21/09/2026 02:26
964b756f-d409-466b-bc96-385ab4963edf,subtly.dealer,premium,4278,2660,high,low,6,namesilo,,,16/09/2026 07:33
86f9ce53-18ac-41b5-ba77-eded47718138,wasnt.dealer,premium,2170,2800,low,low,5,namecheap,,,
343df726-d847-467d-8cf4-fd1165505dc0,formulary.dealer,available,350,3799.99,medium,low,9,name.com,,,18/08/2026 12:20
578e6cb6-4afb-4d95-aa9f-5a0151664ab9,failure.dealer,premium,4278,2660,high,low,7,namesilo,,,25/09/2026 22:41
a3f65589-68fd-40a6-8548-4c431f9a0cfa,enclosure.dealer,premium,4278,2660,high,low,9,namesilo,,,30/09/2026 09:32
731dbd09-f5a2-43dd-8414-499325983912,atop.dealer,premium,2015,2600,medium,low,4,namecheap,,,28/09/2026 13:10
066c10b0-203a-485c-94bf-291e23146e82,definition.dealer,premium,2015,2600,high,low,10,namecheap,,,29/09/2026 13:35
5999087b-0332-497b-a8fa-527888f0cf93,dickhead.dealer,premium,2015,2600,medium,low,8,namecheap,,,08/08/2026 23:34
3e31a254-dc35-4b35-ba5b-4fc3b2f7c0b8,benefactor.dealer,premium,4278,2660,high,low,10,namesilo,,,23/09/2026 07:53
fe077b36-1264-462e-8084-df64bf5249d7,edgewood.dealer,premium,4278,2660,medium,low,8,namesilo,,,30/09/2026 22:16
d5f58103-ee71-425c-9bc4-93e465e6ca2c,moved.dealer,premium,1604.45,2070.2,high,low,5,spaceship,,,01/10/2026 19:16
a453ed03-69d0-4a85-9bb6-8958f9404015,iit.dealer,available,258.95,2052.9,high,low,3,spaceship,,,30/09/2026 04:30
a5ff4cd9-8604-4ac1-8409-713f0316d9d7,byzantine.dealer,premium,2015,2600,high,low,9,namecheap,,,11/08/2026 12:12
6cf641b2-4c7c-413a-86c9-4a14499e1f78,grandson.dealer,premium,1604.45,2070.2,high,low,8,spaceship,,,29/09/2026 21:28
58b3224f-acc5-4029-9be8-c6ac392929e0,spared.dealer,premium,2140.22,2140.22,medium,low,6,dynadot,,,28/09/2026 17:48
2dc070c5-599e-441a-b88b-4a23b5422237,neglected.dealer,premium,2015,2600,medium,low,9,namecheap,,,21/08/2026 18:36
29c96579-31db-41c8-b672-f07b8345a6c5,crucifix.dealer,premium,1604.45,2070.2,high,low,8,spaceship,,,30/09/2026 16:50
4f0b652a-c89b-4e26-91be-a3fc348ca0a2,flare.dealer,premium,1604.45,2070.2,high,low,5,spaceship,,,29/09/2026 00:57
d53a79d3-b16a-4cf2-8533-ef96f93465ce,hawaiian.dealer,premium,2015,2600,high,low,8,namecheap,,,21/08/2026 01:36
530a7934-e0fc-47e6-93f4-a78e820eb1b5,bareback.dealer,premium,2015,2600,medium,low,8,namecheap,,,08/08/2026 18:38
cab8158c-83fd-4619-be78-19478ac96264,condom.dealer,premium,2140.22,2140.22,high,low,6,dynadot,,,29/09/2026 10:43
39027363-a14f-4ad7-99fe-c3c80e0fae1f,badly.dealer,premium,4278,2660,medium,low,5,namesilo,,,22/09/2026 16:07
2283fdf7-de5f-4cbb-a0b5-2dfe6849c7c3,acquirer.dealer,available,2099,2099,high,low,8,namesilo,,,17/09/2026 02:40
1c6a698f-ae60-4982-97a1-a35580a5e48f,martin.dealer,premium,,,high,medium,6,,,,29/09/2026 06:34
d41a9dcb-8b9c-40ba-a157-43758bf48a37,sextet.dealer,available,350,3799.99,high,low,6,name.com,,,
1ed50810-c11b-4aae-81cd-1221e95e83fd,machining.dealer,premium,,,medium,low,9,,,,29/09/2026 03:26
6b5b693b-e7a1-435e-92a1-dab87e75c622,umar.dealer,premium,2015,2600,high,low,4,namecheap,,,29/09/2026 11:35
8dcd760b-13b7-4a21-9bb8-c653f43af46c,twinkle.dealer,premium,2015,2600,high,low,7,namecheap,,,18/08/2026 06:46
a0577934-3c73-4610-b173-4101c19650d4,batista.dealer,premium,2140.22,2140.22,medium,low,7,dynadot,,,29/09/2026 11:07
169596c1-4eb8-4580-931b-052d1316a714,pubic.dealer,premium,2015,2600,medium,low,5,namecheap,,,09/09/2026 05:20
76c09c00-a3ff-460f-82a2-622aa0cb1766,raul.dealer,premium,1604.45,2070.2,high,low,4,spaceship,,,28/09/2026 22:04
ba843480-88c4-4eb7-a83c-ba6d2df45324,protesters.dealer,premium,,,low,low,10,,,,02/10/2026 03:18
74d3b45d-5cf3-4025-adfc-e31a3662b8bf,dumpy.dealer,premium,2015,2600,medium,low,5,namecheap,,,14/08/2026 21:10
5f5905c3-6959-49d6-8928-dafb0b2b3e25,aligning.dealer,premium,2015,2600,medium,low,8,namecheap,,,
a10b3db2-4d13-4624-9824-639c34cd5c43,rong.dealer,available,2000.2,2000.2,low,low,4,cloudflare,,,02/10/2026 02:50
b7b562d3-6c79-4b45-9805-bc218d84b5b1,breckenridge.dealer,premium,,,medium,low,12,,,,01/10/2026 11:00
8d502a60-cfba-4712-8940-84dc84bb08cc,chs.dealer,premium,1604.45,2070.2,high,low,3,spaceship,,,30/09/2026 21:35
916f27f2-9228-4d3d-a856-2421056ba241,stimulated.dealer,premium,2015,2600,high,low,10,namecheap,,,10/09/2026 20:42
c5687eb1-c02a-4b4d-b086-3ace7e13bfaa,argent.dealer,available,350,3799.99,medium,low,6,name.com,,,06/08/2026 17:51
e00b960c-32fc-4dd5-b665-c174e8afe821,lapp.dealer,available,2099,2099,medium,low,4,namesilo,,,19/09/2026 15:44
e1d61efd-e22c-4234-90a7-4d93563eb1ad,assort.dealer,available,498,2348,medium,low,6,namecheap,,,17/09/2026 14:23
74194876-355b-4627-a061-b375b27d4159,covers.dealer,premium,4278,2660,high,low,6,namesilo,,,27/09/2026 09:49
166809ec-f1d0-4d9c-ab2a-3a6318a98ea2,always.dealer,premium,4278,2660,high,medium,6,namesilo,,,28/09/2026 12:09
960e0527-d204-4bee-a598-8a6b8ca2a638,pip.dealer,premium,2015,2600,high,low,3,namecheap,,,13/09/2026 13:22
d8616e46-5e80-4141-bba4-ef05ffc0b445,courtly.dealer,premium,2015,2600,high,low,7,namecheap,,,13/08/2026 03:50
292650aa-b9a5-4210-ac9d-657dfc75035f,motorcoach.dealer,available,498,2348,medium,low,10,namecheap,,,21/09/2026 06:31
27b7da95-788e-401a-919d-6f1e00d23909,abator.dealer,available,2099,2099,medium,low,6,namesilo,,,16/09/2026 14:13
e6e14214-a54f-4446-a833-03edb856b41e,jargon.dealer,premium,2015,2600,high,low,6,namecheap,,,13/09/2026 04:10
5d0c8ffc-85aa-4bae-8a72-e3fb09ee8c86,startups.dealer,premium,4278,2660,high,low,8,namesilo,,,01/10/2026 00:43
5d0843a1-f218-4eff-b0c3-3d5c2c56a5e8,xavier.dealer,premium,4278,2660,high,low,6,namesilo,,,25/09/2026 10:30
81755017-3d8a-4dd7-8386-038ae28708f9,hick.dealer,premium,2015,2600,medium,low,4,namecheap,,,11/08/2026 09:44
aa36acd2-6242-4e10-8097-0530d0174863,runway.dealer,premium,1692.6,2183.84,high,low,6,porkbun,,,28/09/2026 06:39
362573d4-5326-4a48-9708-78f78fe8ed3e,merkel.dealer,premium,4278,2660,high,low,6,namesilo,,,30/09/2026 05:16
00142b5c-5fa1-412e-a40f-fbf63b18a6a8,meanly.dealer,available,498,2348,medium,low,6,namecheap,,,13/09/2026 23:32
1e151026-0354-4a7f-baf2-c0b319be8a87,swoon.dealer,premium,2015,2600,high,low,5,namecheap,,,17/08/2026 21:03
aa3fda99-986e-4767-b094-a1372ab76e1f,xxxiii.dealer,available,350,3799.99,medium,low,6,name.com,,,
6541e918-6005-47ff-957b-b3e26fd0f64f,mainland.dealer,premium,1692.6,2183.84,medium,low,8,porkbun,,,28/09/2026 14:49
6a6d59e9-23b4-4bce-9309-67c53ad44291,louse.dealer,premium,2015,2600,medium,low,5,namecheap,,,23/09/2026 20:00
ee73e9ef-7464-45e1-8221-b3c11c392633,longest.dealer,premium,1604.45,2070.2,medium,low,7,spaceship,,,28/09/2026 16:14
fa8c37a8-0f89-4fd6-a709-5162868d3cfe,sugar.dealer,premium,4278,2660,high,low,5,namesilo,,,29/09/2026 08:02
b824bab6-b6bc-4e79-834a-ac3b816cadb6,drafted.dealer,premium,4278,2660,medium,low,7,namesilo,,,29/09/2026 04:48
ef160c45-fd6d-43c9-ab9b-7bc01a678e84,bionomics.dealer,available,2099,2099,medium,low,9,namesilo,,,23/09/2026 18:43
cf2babaa-24e5-4091-af78-de2ae4ca7bb4,abstracted.dealer,premium,2015,2600,medium,low,10,namecheap,,,
f17db3fd-30f2-4147-aa49-80bb69d656ef,patna.dealer,available,498,2348,medium,low,5,namecheap,,,30/09/2026 20:46
b4e15fbc-fa88-4099-a555-a751d4cef400,mad.dealer,premium,4278,2660,high,medium,3,namesilo,,,23/09/2026 02:06
0a663c26-a54e-4670-bb46-41c15f489165,moony.dealer,available,350,3799.99,medium,low,5,name.com,,,14/08/2026 18:50
5069f1f2-6c4a-45ab-b84a-31f3bbfa8fb4,reversion.dealer,premium,2015,2600,high,low,9,namecheap,,,09/09/2026 16:19
8bb18cbd-6bd9-4e87-bed0-d8d5dfdfa864,sys.dealer,premium,2015,2600,high,low,3,namecheap,,,30/09/2026 14:33
9b77b1ba-3ff8-446c-a58e-6d84eb281545,galton.dealer,available,2099,2099,medium,low,6,namesilo,,,01/10/2026 19:37
5ba02d39-0678-4bcd-b66f-3a32d7b6b04d,snafu.dealer,premium,2015,2600,medium,low,5,namecheap,,,18/08/2026 17:20
eb5068ab-4377-4d86-a3d1-c5ca1e6773e1,nationalism.dealer,premium,1604.45,2070.2,medium,low,11,spaceship,,,01/10/2026 13:46
258be203-3738-430f-ab77-dc519e51b7e1,bonfires.dealer,premium,2015,2600,medium,low,8,namecheap,,,20/09/2026 12:29
0e38b3d1-1f3c-449e-aa23-34d245caeca5,fisheye.dealer,available,350,3799.99,high,low,7,name.com,,,18/08/2026 05:28
868f948c-f18f-426d-913c-5e923ef0c44b,chariot.dealer,premium,2015,2600,high,low,7,namecheap,,,29/09/2026 11:53
0f5c23d1-d4ef-411f-9e7f-3d9978b580e7,modification.dealer,premium,4278,2660,high,low,12,namesilo,,,29/09/2026 22:49
e3116303-2a9f-4cc3-bbf0-49e303495c07,farewell.dealer,premium,4278,2660,high,low,8,namesilo,,,28/09/2026 01:53
59be6a8e-8311-4c50-9480-3275ab0b06c3,plantation.dealer,premium,1604.45,2070.2,high,low,10,spaceship,,,28/09/2026 06:31
9a6f08fc-df7b-4601-9fca-8737394738f6,adige.dealer,available,2099,2099,medium,low,5,namesilo,,,17/09/2026 08:16
8aa03aea-3b1a-436a-a7ae-b3e2ca444b99,djiboutian.dealer,available,350,3799.99,medium,low,10,name.com,,,14/08/2026 14:08
40a3dcc1-1e04-4781-851c-31571a93f750,biscay.dealer,available,2140.22,2140.22,medium,low,6,dynadot,,,30/09/2026 13:34
24d3f3d7-54b9-4e05-943c-9916a39bc582,neo.dealer,premium,2015,2600,high,medium,3,namecheap,,,03/09/2026 15:19
05e8d65b-6b0f-48bf-803c-bd162a3e0ecb,conferences.dealer,premium,4278,2660,medium,low,11,namesilo,,,30/09/2026 07:38
b5e71e24-2cdf-4de2-8215-af8e00d91b91,wavering.dealer,premium,2015,2600,medium,low,8,namecheap,,,13/09/2026 00:41
880835cd-d605-42fc-9bb1-3c5b4179ff0c,haight.dealer,premium,4278,2660,medium,low,6,namesilo,,,02/10/2026 04:03
b99fbbfc-2441-49c7-bc90-48d29ffc0f1f,wearable.dealer,premium,2015,2600,high,low,8,namecheap,,,13/09/2026 08:58
718d9f02-ab64-4ae5-b664-daa0f17d9698,tribe.dealer,premium,2015,2600,high,medium,5,namecheap,,,22/08/2026 16:07
f3223f34-4b39-4747-af6e-24075ae20a14,premiere.dealer,premium,4278,2660,high,low,8,namesilo,,,27/09/2026 04:58
2ce55c4f-3354-4d0e-bf67-90bdad288295,lodge.dealer,premium,1604.45,2070.2,high,low,5,spaceship,,,28/09/2026 23:14
f687d7f2-4012-4683-a29c-700b4f057bcc,innermost.dealer,premium,2015,2600,medium,low,9,namecheap,,,22/08/2026 05:53
e42c8c60-a933-4e14-9db6-326a51a86eb3,hosted.dealer,premium,,,medium,low,6,,,,02/10/2026 02:16
c1f551ed-f680-4a96-b907-dd405523718a,vagina.dealer,premium,4278,2660,high,low,6,namesilo,,,28/09/2026 15:31
9d8aad7e-dfd9-47c9-97d6-3a4b4e01549f,outward.dealer,premium,2015,2600,high,low,7,namecheap,,,04/09/2026 19:00
7b5ee2bd-bd37-43f1-87c3-8255a429060a,arquebus.dealer,available,350,3799.99,medium,low,8,name.com,,,20/09/2026 08:40
b3dc3674-9223-46ae-8d34-a90c8ac2fbb0,river.dealer,premium,4278,2660,high,medium,5,namesilo,,,30/09/2026 10:18
bedc399d-3812-4172-9502-253dbef0af55,slower.dealer,premium,2015,2600,high,low,6,namecheap,,,16/09/2026 02:42
0e7a2389-5247-431e-8d5a-53503fe6bfc5,marshals.dealer,premium,,,high,low,8,,,,30/09/2026 18:01
f80ab30e-123d-4fdc-a4da-09551279a45e,pronghorn.dealer,premium,2015,2600,medium,low,9,namecheap,,,18/09/2026 19:07
0e47e50d-39d0-4643-8b40-b520da9ab9de,commodious.dealer,available,350,3799.99,medium,low,10,name.com,,,12/08/2026 19:10
5b878eb6-7b8e-4568-861b-6a2e4ac1192c,tecumseh.dealer,premium,1604.45,2070.2,medium,low,8,spaceship,,,29/09/2026 08:12
4f4296af-9532-428f-be85-50c7628899bc,dad.dealer,premium,2015,2600,high,low,3,namecheap,,,27/09/2026 05:02
6d303765-1253-4d63-90ff-1659dff89485,inflammatory.dealer,premium,,,medium,low,12,,,,29/09/2026 21:18
93ea929c-4c38-48c4-a489-9642d485034b,quechua.dealer,available,350,3799.99,high,low,7,name.com,,,22/08/2026 15:21
657429f2-8f0b-4a72-acb2-a9c80acf81b7,cataphatic.dealer,available,350,3799.99,medium,low,10,name.com,,,11/08/2026 21:04
c3ee61e9-1d4e-4724-83c9-351a719aef50,echoing.dealer,premium,2015,2600,high,low,7,namecheap,,,30/09/2026 03:52
5e065300-abff-4839-9c76-acad78cabc72,contend.dealer,premium,1692.6,2183.84,high,low,7,porkbun,,,29/09/2026 11:25
74abb2b9-f938-453d-bb0e-2ea735786b6f,noyes.dealer,premium,2015,2600,high,low,5,namecheap,,,18/09/2026 06:42
ab73ee02-e22e-42d3-912f-0eb7f7185cbb,freshness.dealer,premium,4278,2660,high,low,9,namesilo,,,24/09/2026 14:06
514594dd-9d28-427e-8f3d-9dd1846826cd,campaigner.dealer,premium,4278,2660,medium,low,10,namesilo,,,29/09/2026 06:13
79c19094-68e7-4282-a6db-176683fbee70,wiper.dealer,premium,4278,2660,high,low,5,namesilo,,,24/09/2026 17:39
28586baf-a0df-4141-a07b-528f9383f4df,uncultured.dealer,available,498,2348,medium,low,10,namecheap,,,12/09/2026 06:38
f7112c80-66f9-47b8-8d88-74bea86c2f9f,repeat.dealer,premium,4278,2660,high,low,6,namesilo,,,24/09/2026 12:27
28cfb6f4-663b-405b-a8b3-1ebf47976343,identifies.dealer,premium,4278,2660,medium,low,10,namesilo,,,30/09/2026 22:38
b05b3b9e-3d17-4c4e-b136-063927d6656b,anti.dealer,premium,2015,2600,high,low,4,namecheap,,,
b8fa5225-47b3-44a9-9667-2637527dd632,devastation.dealer,premium,1692.6,2183.84,medium,low,11,porkbun,,,30/09/2026 06:10
b717db71-8d98-4c99-9817-720d948884f7,despairing.dealer,premium,2015,2600,medium,low,10,namecheap,,,14/08/2026 03:56
68757e8b-30c7-4fa5-8856-9e6436b68454,terrorism.dealer,premium,4278,2660,medium,low,9,namesilo,,,17/09/2026 04:10
c5711047-d48f-411d-bfbb-370866b7f5f0,inquisition.dealer,premium,4278,2660,medium,low,11,namesilo,,,01/10/2026 22:41
2f1f7e08-466a-445e-926f-fd7d8d86b8bd,refined.dealer,premium,2015,2600,high,medium,7,namecheap,,,09/09/2026 12:36
fd07ad49-a900-477a-b874-1d3df41eb1c9,reflexed.dealer,available,498,2348,high,medium,8,namecheap,,,09/09/2026 12:41
8013d5b0-f709-42b9-b10d-79c6b3e349a4,knoxville.dealer,premium,4278,2660,high,low,9,namesilo,,,01/10/2026 02:48
8a760986-a710-4673-bf69-575015abdfa6,migrator.dealer,available,350,3799.99,medium,low,8,name.com,,,24/08/2026 22:51
9f162c60-c8a8-4997-88df-95447d6ba679,angelical.dealer,available,2099,2099,medium,low,9,namesilo,,,22/09/2026 04:27
f8083cee-00a1-4e69-aa47-436f0a28de56,refugee.dealer,premium,1604.45,2070.2,high,low,7,spaceship,,,28/09/2026 20:17
5c04546a-120c-4561-b81b-e3999c984030,rich.dealer,premium,2015,2600,high,low,4,namecheap,,,19/09/2026 18:40
b0fe63e0-12d9-4f6d-b19c-6f05df8368d7,ivor.dealer,premium,2015,2600,medium,low,4,namecheap,,,29/09/2026 22:08
a210ccbc-b973-4272-b334-ea4dc9ae7943,pendulous.dealer,available,350,3799.99,medium,low,9,name.com,,,12/08/2026 00:50
33e43b3e-a25b-46d2-8d54-60fcec14856f,argosy.dealer,available,2099,2099,medium,low,6,namesilo,,,20/09/2026 04:43
dac233f5-a9c7-499f-ad25-183f4681ffa1,mutter.dealer,premium,2015,2600,high,low,6,namecheap,,,03/09/2026 11:12
75f59cd8-2249-4456-a9e0-b2079ae0442b,storied.dealer,premium,2015,2600,medium,low,7,namecheap,,,21/08/2026 09:55
9e20a468-cfeb-4778-a05a-74871e8f9090,derriere.dealer,available,350,3799.99,medium,low,8,name.com,,,09/08/2026 11:55
5923a829-8984-45d9-a05c-6edb18462bbb,duo.dealer,premium,4278,2660,high,high,3,namesilo,,,24/09/2026 18:43
3e799525-6b9b-4b40-8e86-931a931b319e,boob.dealer,premium,2170,2800,medium,low,4,namecheap,,,29/09/2026 03:04
75abd4ed-df76-438f-af6a-c78ca533f91f,claxon.dealer,available,2099,2099,medium,low,6,namesilo,,,23/09/2026 01:29
55689b75-b1c1-44d7-9c90-1793f0a32ec9,consistently.dealer,premium,1604.45,2070.2,high,low,12,spaceship,,,01/10/2026 05:37
cbe50b9b-9264-4a58-b1ee-f4e956a49981,intends.dealer,premium,,,medium,low,7,,,,29/09/2026 11:20
ee881185-31ff-466d-90a9-6ef477a32460,animator.dealer,premium,4278,2660,high,low,8,namesilo,,,19/09/2026 09:13
8fa9e3ad-96f5-446c-b323-cf2238b603e9,alternatives.dealer,premium,2015,2600,medium,low,12,namecheap,,,19/09/2026 21:34
857786e3-37d5-4333-8a84-552e53082d5f,apache.dealer,premium,4278,2660,high,low,6,namesilo,,,19/09/2026 16:09
64213fec-b3ab-436a-b6a0-27ad56a2714f,uplifting.dealer,premium,1604.45,2070.2,high,low,9,spaceship,,,01/10/2026 22:02
57976b9a-549f-4e0c-9ea3-aca99c0214a9,worcester.dealer,premium,2015,2600,high,low,9,namecheap,,,01/10/2026 20:10
c608f254-7e18-4afd-b4f1-303395b83eba,quaggy.dealer,available,350,3799.99,medium,low,6,name.com,,,10/08/2026 17:10
dfad4e8c-cc11-4347-b6e7-ffb8f60024b5,discarded.dealer,premium,2015,2600,medium,low,9,namecheap,,,11/08/2026 20:21
ac1e3136-950a-470c-8b40-c4f17900430d,idris.dealer,premium,1604.45,2070.2,medium,low,5,spaceship,,,01/10/2026 12:13
379880bb-d03c-4a08-b5bf-04909b4770d5,donnish.dealer,available,350,3799.99,medium,low,7,name.com,,,14/08/2026 15:53
4aaa4241-c5e1-4e89-86e2-0b5d5c607180,save.dealer,premium,1604.45,2070.2,high,low,4,spaceship,,,28/09/2026 00:11
3e8443c9-2ead-4231-930c-412f28cefee3,bungalow.dealer,premium,4278,2660,high,low,8,namesilo,,,24/09/2026 11:15
70220c39-67ec-4eb4-a69d-269cca2babeb,urals.dealer,available,258.95,2052.9,medium,low,5,spaceship,,,30/09/2026 19:04
bccbc485-1d0c-4d69-910e-a88e833c1f42,pearly.dealer,premium,2015,2600,high,low,6,namecheap,,,08/09/2026 11:21
c89409d8-c08f-475b-a26c-14ee94920ae5,judaism.dealer,premium,1604.45,2070.2,high,low,7,spaceship,,,01/10/2026 02:27
5fe77fa3-0ef3-4f2a-9486-3cfd427a3b51,gibson.dealer,premium,4278,2660,high,low,6,namesilo,,,18/09/2026 14:55
3363772b-6442-4b55-b51d-3e04651e804e,eating.dealer,premium,2015,2600,high,low,6,namecheap,,,08/09/2026 13:35
46869225-2ef3-4c8f-9098-34f94bd795d2,loretta.dealer,premium,1604.45,2070.2,medium,low,7,spaceship,,,28/09/2026 22:00
c4ae1dee-0526-4399-b8ce-fd5460b80a5d,andre.dealer,premium,1604.45,2070.2,high,low,5,spaceship,,,28/09/2026 04:04
f3b4e105-2f35-45a8-920f-bc4dec3dc6f8,prunus.dealer,available,2099,2099,high,low,6,namesilo,,,30/09/2026 01:43
12bea8ba-21ab-4f8b-9b1d-cdfaecc5c569,leger.dealer,available,2099,2099,high,low,5,namesilo,,,16/09/2026 23:07
00026e3f-cfb8-4acf-8a26-4c36a0fd75e0,aleppo.dealer,premium,4278,2660,high,low,6,namesilo,,,18/09/2026 05:13
0a3ba549-bc8a-4441-aeea-60a3236ea901,onside.dealer,available,498,2348,medium,low,6,namecheap,,,04/09/2026 15:17
3c8231ba-a876-4453-8b71-80a152a605fb,heave.dealer,premium,4278,2660,medium,low,5,namesilo,,,01/10/2026 19:43
afde1131-84be-4d05-8614-358b9a1c1afc,denied.dealer,premium,4278,2660,low,low,6,namesilo,,,27/09/2026 02:21
e4c2e6d7-6ead-471a-8e0f-d73b71fc3950,spartan.dealer,premium,4278,2660,high,low,7,namesilo,,,19/09/2026 16:49
26a47a6a-8f6d-4913-aef2-4ffd8fe6e40d,lakeside.dealer,premium,1604.45,2070.2,high,low,8,spaceship,,,01/10/2026 20:15
80d2faac-a0a2-4da0-88ef-22ae891c70de,armistice.dealer,premium,2015,2600,medium,low,9,namecheap,,,20/09/2026 07:13
279a8357-9f17-40c8-8fbe-22fc01b2a3a9,schwartz.dealer,premium,4278,2660,high,low,8,namesilo,,,25/09/2026 15:46
a9f4434e-8492-406a-82bd-9b4204a645b2,yob.dealer,available,350,3799.99,medium,low,3,name.com,,,11/08/2026 08:46
ed173ec1-3947-42e6-b5bd-a3c16ee805a3,packers.dealer,premium,2015,2600,medium,low,7,namecheap,,,01/10/2026 01:07
086e0927-786d-442d-b0c2-6ef5a0cd0308,grassy.dealer,premium,2015,2600,high,low,6,namecheap,,,20/08/2026 18:20
167258fe-2826-4e09-afd3-7fac7ee69fbc,bounced.dealer,premium,,,medium,low,7,,,,29/09/2026 17:31
c97b8592-c52b-4a91-8055-e39a7b23d803,absorbing.dealer,premium,4278,2660,high,low,9,namesilo,,,21/09/2026 15:02
fd491527-b597-435f-b568-229da87f6424,nauseous.dealer,premium,2015,2600,medium,low,8,namecheap,,,24/08/2026 08:24
7f1dfb1b-e866-42ae-a1be-98ed6dfa6a47,tomatoes.dealer,premium,4278,2660,medium,low,8,namesilo,,,28/09/2026 12:33
780d770b-728c-4159-9529-87b9ab59a5c8,practicality.dealer,premium,4278,2660,high,low,12,namesilo,,,16/09/2026 09:33
37fab42f-9bda-4c32-b7e0-2232646424ce,unsent.dealer,available,498,2348,medium,low,6,namecheap,,,12/09/2026 19:18
1d095316-8fb6-4f4f-8987-986f4db0841a,jowly.dealer,available,350,3799.99,medium,low,5,name.com,,,14/08/2026 16:48
a94550ed-7f54-4153-96b4-f971e53a6975,reed.dealer,premium,4278,2660,high,low,4,namesilo,,,22/09/2026 21:42
0a0a425c-7c32-4b4b-8c93-547e8b2fbe37,visa.dealer,premium,4278,2660,high,high,4,namesilo,,,28/09/2026 11:04
f2ec22cc-71a8-47f4-b2b8-c152e98e2da6,body.dealer,premium,4278,2660,high,low,4,namesilo,,,24/09/2026 06:32
a20de9fd-30ba-4595-8f19-80bba13799d3,araceae.dealer,available,2099,2099,medium,low,7,namesilo,,,19/09/2026 23:36
65ff43d4-8422-4fcb-bdc9-2383f81a7af9,veteran.dealer,premium,4278,2660,high,low,7,namesilo,,,28/09/2026 10:15
99907110-61dd-4651-ab86-f1feb32844a3,original.dealer,premium,4278,2660,high,low,8,namesilo,,,26/09/2026 00:32
57cdb0a8-90fa-4e0b-a090-a0dc2a6551c1,chorus.dealer,premium,4278,2660,high,low,6,namesilo,,,29/09/2026 08:55
8764b46d-79c4-4715-b8ba-60d6cfb90fb1,colorado.dealer,premium,4278,2660,high,low,8,namesilo,,,24/09/2026 13:30
e34183d1-30e4-4a43-ada9-0fa7de69fae5,bitches.dealer,premium,2015,2600,low,low,7,namecheap,,,30/09/2026 06:28
b1cae430-6f9b-48de-87a2-38758e983958,autosexing.dealer,available,2099,2099,medium,low,10,namesilo,,,21/09/2026 07:42
f32eef41-5b72-4cf1-b445-ea279d075cd4,marry.dealer,premium,2015,2600,high,low,5,namecheap,,,13/09/2026 09:36
fb0ac014-df3a-4230-973f-b762fe144bb6,theresa.dealer,premium,2015,2600,high,low,7,namecheap,,,17/09/2026 18:43
63e91425-f893-49f4-8ef1-742236c95505,vanilla.dealer,premium,2015,2600,high,low,7,namecheap,,,13/09/2026 01:08
6ec5678f-9a28-473d-8779-dc299d0d4eb8,dire.dealer,premium,2015,2600,medium,low,4,namecheap,,,14/08/2026 08:44
83d174b8-2a33-45ef-b79d-b0175cbe41f3,brendan.dealer,premium,2140.22,2140.22,high,low,7,dynadot,,,28/09/2026 04:01
10f0b600-791c-4a56-bd32-446a0edbb8c6,alizarine.dealer,available,2099,2099,medium,low,9,namesilo,,,18/09/2026 08:13
a0ca0504-0089-4be7-9385-5c4b3449a116,lichtenstein.dealer,premium,4278,2660,medium,low,12,namesilo,,,30/09/2026 13:33
6940de2c-3b91-4b4a-9f5b-d6d84559bf99,woolf.dealer,premium,4278,2660,medium,low,5,namesilo,,,17/09/2026 07:19
7ad8c69c-dc7c-40f8-8e58-6ff16b9f154a,karla.dealer,premium,,,medium,low,5,,,,30/09/2026 13:19
4de95dfe-7da8-4d1e-a2e1-176507a812ea,volumes.dealer,premium,4278,2660,medium,low,7,namesilo,,,29/09/2026 17:06
c1ba125e-a303-4483-ae2d-1a0832cd9ee0,sauce.dealer,premium,2015,2600,high,low,5,namecheap,,,30/09/2026 10:35
f3289ebe-fdc3-4742-a05f-37c5f7203f8d,berea.dealer,premium,4278,2660,medium,low,5,namesilo,,,01/10/2026 12:24
2b8c9eaa-5a26-4752-9149-8c749b593dc8,cometic.dealer,available,350,3799.99,medium,low,7,name.com,,,12/08/2026 18:58
7c8f5b22-8a39-432f-91f6-9d709db3e91f,profuse.dealer,premium,2015,2600,high,low,7,namecheap,,,24/08/2026 11:47
56a23995-3f73-4bcd-854c-34a1d9b69c99,averroes.dealer,available,498,2348,medium,low,8,namecheap,,,16/09/2026 18:56
a7cc8675-b118-4a13-bb55-5811a1f100c9,braga.dealer,available,2099,2099,high,low,5,namesilo,,,30/09/2026 08:48
56d32d73-2e80-4fde-b2c9-4420461ce215,liberal.dealer,premium,2015,2600,high,low,7,namecheap,,,09/08/2026 20:57
34bb1c8f-4710-48f9-a872-cd7430de8d86,actium.dealer,available,2099,2099,medium,low,6,namesilo,,,17/09/2026 05:08
a44016dc-237e-4d49-ae0b-787f093f8945,astatic.dealer,available,350,3799.99,medium,low,7,name.com,,,07/08/2026 08:36
59b0db1f-5756-4481-9588-b8ad83f1f856,thickener.dealer,available,498,2348,medium,low,9,namecheap,,,11/09/2026 13:14
1dc00527-21ab-4dcc-ba1d-683a4c656377,ctv.dealer,available,258.95,2052.9,high,low,3,spaceship,,,01/10/2026 22:19
cf21d3e7-acec-44eb-bc6a-3e23ba15652a,extinction.dealer,premium,1692.6,2183.84,high,low,10,porkbun,,,29/09/2026 13:38
a7b3b458-dcd5-4519-8a85-adfdc920dec4,photographic.dealer,premium,1604.45,2070.2,high,low,12,spaceship,,,28/09/2026 21:08
d6a62e23-fe42-40cd-bda9-50d6f5f680b1,harrell.dealer,premium,4278,2660,medium,low,7,namesilo,,,30/09/2026 13:41
480e9a30-2588-4d19-a50c-c7b5946a485d,cerise.dealer,premium,2015,2600,medium,low,6,namecheap,,,10/08/2026 15:04
3b937f20-bd70-4a3f-9ef1-d050398a865d,nonskid.dealer,available,498,2348,medium,low,7,namecheap,,,03/09/2026 20:36
8729dabf-a523-40a8-8f96-681952911bd9,springtime.dealer,premium,2170,2800,high,low,11,namecheap,,,
60acf1fb-37f5-4ba8-a06a-4bbf2eadfad8,diagnosis.dealer,premium,1604.45,2070.2,high,low,9,spaceship,,,01/10/2026 22:09
808cf5c9-ae76-4465-9be1-1a5997d9f99b,axletree.dealer,available,2099,2099,medium,low,8,namesilo,,,21/09/2026 10:27
003993dd-1dee-4518-bf33-e193517c6088,frigid.dealer,premium,2015,2600,medium,low,6,namecheap,,,18/08/2026 15:46
e16bd4d7-5cce-48d0-993a-d0ad60b297d0,morphine.dealer,premium,4278,2660,medium,low,8,namesilo,,,28/09/2026 10:27
c3b06615-33e8-4a4e-911f-f103428197e8,theorize.dealer,premium,2015,2600,high,low,8,namecheap,,,24/09/2026 17:19
61de4ee3-9f2e-4088-8368-45b163ffa3bf,indefinite.dealer,premium,4278,2660,high,low,10,namesilo,,,25/09/2026 09:08
49f1aad1-380b-4e43-ac14-be30e5dcf643,subclavian.dealer,available,498,2348,medium,low,10,namecheap,,,10/09/2026 23:40
92f405a4-18be-4c0f-883c-b242e8be698e,numeric.dealer,premium,2015,2600,high,low,7,namecheap,,,03/09/2026 22:54
5c75e3df-b4e2-43fa-bb08-8f81c628cd9a,tuppeny.dealer,available,498,2348,medium,low,7,namecheap,,,10/09/2026 09:12
22a683b4-a0c6-4fb9-afd4-25b9c72468af,civilized.dealer,premium,2015,2600,high,low,9,namecheap,,,12/08/2026 09:06
8d7dd84a-8125-4682-8224-e707a568c6e4,harp.dealer,premium,,,high,low,4,,,,28/09/2026 14:23
c47c275b-e8e4-4d48-aed8-f64e6b3ab202,zurich.dealer,premium,2140.22,2140.22,high,high,6,dynadot,,,29/09/2026 02:40
f9db79cd-7c31-48ee-9117-0527a19ea365,colonies.dealer,premium,,,medium,low,8,,,,29/09/2026 15:59
9e3d5f4a-a06b-44e8-91ec-6bee3e325036,unger.dealer,premium,1604.45,2070.2,medium,low,5,spaceship,,,30/09/2026 05:25
7a67e5c8-98f7-48e6-baf5-fc52a9a92ff5,avocado.dealer,premium,4278,2660,high,low,7,namesilo,,,22/09/2026 14:34
1b0ebf24-ca14-4b4d-b297-848222a38a41,abreast.dealer,premium,2015,2600,medium,low,7,namecheap,,,
db8d25fd-25f7-45c7-818c-50d1f681ed48,chekhov.dealer,premium,4278,2660,medium,low,7,namesilo,,,19/09/2026 15:27
6a351e90-9145-4024-99c7-b6c22f6800d8,macedon.dealer,available,2099,2099,high,low,7,namesilo,,,30/09/2026 10:30
f2a460ac-90b2-4f77-85c8-0082c767fd81,sunnily.dealer,available,350,3799.99,medium,low,7,name.com,,,14/09/2026 06:41
1bb168e3-611e-45de-ae10-45cb9cc23395,mine.dealer,premium,4278,2660,high,low,4,namesilo,,,25/09/2026 09:26
161f6a9f-a81b-47e7-bee0-1e59a7073c52,shelvy.dealer,available,498,2348,high,medium,6,namecheap,,,09/09/2026 12:30
fbca2c1d-5431-4941-8d48-851023d37dc5,tagged.dealer,premium,2015,2600,high,low,6,namecheap,,,22/08/2026 17:17
23a1040e-1aa1-4cdb-890f-79442f12910d,breads.dealer,premium,2015,2600,medium,low,6,namecheap,,,18/09/2026 04:07
28e734c4-5975-48f7-a056-57e399cd6dc9,ellis.dealer,premium,2015,2600,high,low,5,namecheap,,,25/09/2026 20:56
352add8a-b317-4730-a855-28ce8143d2c0,svelte.dealer,premium,2015,2600,high,low,6,namecheap,,,24/08/2026 01:16
10a4bc1e-684b-4197-8428-fdd87c8e7bff,flavourful.dealer,available,350,3799.99,medium,low,10,name.com,,,18/08/2026 07:06
377f2afc-e221-4291-8628-7e3ba23fed59,crowder.dealer,premium,1692.6,2183.84,medium,low,7,porkbun,,,01/10/2026 06:58
7b3d521e-df2f-41c5-82d1-ac33bce86810,nebulizer.dealer,available,2099,2099,high,low,9,namesilo,,,21/09/2026 00:21
cdcbc3d6-9b2a-46ab-950a-5a63108c797b,sawyer.dealer,premium,4278,2660,high,low,6,namesilo,,,01/10/2026 03:36
3da6f870-6fd0-48b0-93d3-1e433fc136ac,fixedly.dealer,available,498,2348,medium,low,7,namecheap,,,14/09/2026 18:44
48e477ec-6c3e-46a4-b71f-b5843e1ad153,georgie.dealer,premium,1604.45,2070.2,medium,low,7,spaceship,,,30/09/2026 04:43
3915c04d-066a-43f2-83b6-8033ba81295a,conde.dealer,premium,1604.45,2070.2,medium,low,5,spaceship,,,29/09/2026 09:06
5e9d61ee-eb17-49b9-8373-5951e955ff94,outraged.dealer,premium,2015,2600,medium,low,8,namecheap,,,22/08/2026 01:03
e09dc908-cc49-44d6-a684-e9bbfdb9a4eb,hal.dealer,premium,4278,2660,high,low,3,namesilo,,,25/09/2026 12:39
4d821ee8-1268-4f52-adc3-fdc89bf462e4,azote.dealer,available,2099,2099,medium,low,5,namesilo,,,21/09/2026 11:27
b0a30a29-7ce5-44ed-84db-ebafd52b67be,incumbent.dealer,premium,2015,2600,high,low,9,namecheap,,,22/08/2026 02:03
7e5b777e-2db0-4518-b442-6e68a2383585,oleaceous.dealer,available,498,2348,medium,low,9,namecheap,,,04/09/2026 02:06
3795cfd5-5355-4ea6-9824-2407211eb7d2,derive.dealer,premium,2170,2800,high,low,6,namecheap,,,29/09/2026 20:28
8ac8e012-d07c-4c11-9f29-47cd0ad9ad90,lavas.dealer,available,2140.22,2140.22,medium,low,5,dynadot,,,01/10/2026 17:44
e91ce733-04c1-4c99-aa56-e30ce93e20cb,principe.dealer,premium,4278,2660,medium,low,8,namesilo,,,01/10/2026 03:22
1a0ee904-472a-4186-bdf0-27421e0f0623,juan.dealer,premium,4278,2660,high,low,4,namesilo,,,27/09/2026 18:50
603b3d51-c75d-42ff-bd2e-799a9ae45ff6,hits.dealer,premium,4278,2660,high,low,4,namesilo,,,19/09/2026 23:53
def790a6-3f56-419c-b574-b8c6f55c39a5,erosive.dealer,available,350,3799.99,medium,low,7,name.com,,,13/08/2026 02:09
aeee64a4-4963-41d5-bf81-af0388078729,troyes.dealer,available,2099,2099,medium,low,6,namesilo,,,01/10/2026 08:31
74d15f73-5012-4ca1-8c25-87d836455a78,experimentation.dealer,premium,2140.22,2140.22,high,low,15,dynadot,,,30/09/2026 13:40
6a2977ba-7a49-4f4a-bbe0-1a450fe74a92,prosser.dealer,premium,4278,2660,high,low,7,namesilo,,,30/09/2026 12:49
b824ec94-b935-4eba-b2fe-9c9a408b2e6f,agone.dealer,available,350,3799.99,medium,low,5,name.com,,,
936f1f43-41da-4a24-98f8-04bf50317607,javascript.dealer,premium,1604.45,2070.2,high,high,10,spaceship,,,28/09/2026 21:23
19edbed4-fce1-4f64-b9d1-db152f0758d3,fined.dealer,premium,1604.45,2070.2,medium,low,5,spaceship,,,30/09/2026 15:19
49ed8c0c-4ca7-4a4b-b0d5-c91d3260b342,macdonald.dealer,premium,4278,2660,high,low,9,namesilo,,,25/09/2026 15:47
5c08d9f1-d3f7-41bf-b191-40096e1ab703,conduct.dealer,premium,4278,2660,high,low,7,namesilo,,,23/09/2026 03:13
92061a9a-91f4-4fa3-a53a-e6523be7c238,manuscript.dealer,premium,4278,2660,medium,low,10,namesilo,,,28/09/2026 10:05
b07ef6a2-e355-4302-ba7a-b72a8cea940d,eclipse.dealer,premium,2015,2600,high,medium,7,namecheap,,,25/09/2026 23:52
7a89043d-a1eb-43c8-af5d-659427822e20,dying.dealer,premium,2015,2600,high,low,5,namecheap,,,24/09/2026 12:37
0a6cf9c7-4ec0-45ff-a35f-18738cd13cb9,adrenaline.dealer,premium,2015,2600,high,low,10,namecheap,,,17/09/2026 09:55
54b27030-ef2f-4aca-b53a-d0cc4f994ae6,extreme.dealer,premium,2015,2600,high,low,7,namecheap,,,04/09/2026 04:46
d2932200-7e13-4e1b-9339-1bb115876b1d,handgun.dealer,premium,1604.45,2070.2,high,low,7,spaceship,,,01/10/2026 19:54
c60b430b-4d1a-432f-94b4-1b7591ba6e26,yellowish.dealer,premium,2015,2600,high,low,9,namecheap,,,13/09/2026 13:59
f04ae008-036a-42bc-8cc4-be5d457082db,deductive.dealer,premium,2015,2600,medium,low,9,namecheap,,,13/08/2026 22:29
356b0ed9-b2f6-45c0-89ed-5ae5cc816548,congruent.dealer,premium,2015,2600,high,low,9,namecheap,,,12/08/2026 21:57
f6e761ef-e2a7-4356-aeb7-7221a23ed906,wow.dealer,premium,1604.45,2070.2,high,medium,3,spaceship,,,29/09/2026 23:07
17c17b7d-c835-4aff-845c-44f78662464b,fundamentals.dealer,premium,4278,2660,high,low,12,namesilo,,,17/09/2026 09:40
e0827750-141c-49b8-b569-daead76efb27,adalia.dealer,available,2099,2099,medium,low,6,namesilo,,,17/09/2026 06:12
ee2ffb20-d1e8-4c23-a861-2b6bdf075e8e,schnabel.dealer,premium,4278,2660,medium,low,8,namesilo,,,20/09/2026 12:04
84b8c798-645c-4bba-b8d5-dcc895070f73,injections.dealer,premium,2015,2600,medium,low,10,namecheap,,,01/10/2026 17:46
0380d16f-b0b5-4173-9b89-6375188847f0,blench.dealer,available,350,3799.99,medium,low,6,name.com,,,04/09/2026 23:29
7b3220ed-df9a-440b-94fe-eeb0fd27029a,ankle.dealer,premium,4278,2660,high,low,5,namesilo,,,19/09/2026 09:40
f0296941-adb6-42df-be72-caccd946a679,imd.dealer,available,258.95,2052.9,high,low,3,spaceship,,,01/10/2026 23:35
e7747ede-2523-47ff-96ea-b7c8ae9c7a94,tested.dealer,premium,2170,2800,high,low,6,namecheap,,,28/09/2026 02:20
46db7a93-6336-4c9e-8696-f19d2beb1190,libraries.dealer,premium,4278,2660,medium,low,9,namesilo,,,20/09/2026 00:02
2fbbac5b-785e-4b19-ab80-96a5dd5c1c33,kagan.dealer,premium,,,medium,low,5,,,,30/09/2026 12:34
8feed536-358d-46a5-9e24-c31449aee9c4,allomorph.dealer,available,2099,2099,medium,low,9,namesilo,,,18/09/2026 11:59
4baa9fa9-e227-4615-82bf-666a2ddfc929,becket.dealer,available,350,3799.99,high,low,6,name.com,,,22/09/2026 22:36
bf9854d1-5f4a-49ce-a558-a5cd41b3ff5d,toddler.dealer,premium,2170,2800,high,low,7,namecheap,,,29/09/2026 00:53
8f333bca-2a90-44c2-a9e9-b41a9647751a,bounty.dealer,premium,4278,2660,high,low,6,namesilo,,,24/09/2026 07:35
7370a6d9-4702-4e8e-96dd-b97cf8febc06,orphans.dealer,premium,1604.45,2070.2,low,low,7,spaceship,,,28/09/2026 18:19
d2ab8bfa-dea4-4e9e-94c0-8935f67c4f95,tobacco.dealer,premium,4278,2660,medium,low,7,namesilo,,,29/09/2026 00:12
5cd90eb3-495a-4d60-8764-5d3298c0a3f0,countryside.dealer,premium,1604.45,2070.2,high,low,11,spaceship,,,28/09/2026 15:50
6211b374-0af7-4856-bf30-473c6ac9d2b5,stables.dealer,premium,4278,2660,medium,low,7,namesilo,,,28/09/2026 23:40
115ac353-a774-49dc-b2cc-949d5a548632,calls.dealer,premium,4278,2660,medium,low,5,namesilo,,,18/09/2026 14:59
beab7724-4dfd-4738-9523-f2cbdfc6cf38,hana.dealer,premium,1604.45,2070.2,high,low,4,spaceship,,,29/09/2026 22:11
81e933d8-c2ac-4b42-acf0-bb0af3756bec,ithaca.dealer,premium,1604.45,2070.2,high,low,6,spaceship,,,27/09/2026 14:23
ec8c0703-25c2-40c1-8b6c-7ad907266201,ochre.dealer,premium,2015,2600,high,low,5,namecheap,,,04/09/2026 00:33
0bc7c930-2182-4caf-b35c-39042f45cf46,coles.dealer,premium,4278,2660,medium,low,5,namesilo,,,02/10/2026 01:35
ec21c65c-ac67-4a5a-a139-93f096202202,arya.dealer,premium,1604.45,2070.2,high,low,4,spaceship,,,01/10/2026 11:19
d5eebd7b-0a0d-4e52-851d-95f058b2867c,sanitation.dealer,premium,2140.22,2140.22,high,low,10,dynadot,,,29/09/2026 20:17
6710621d-14cb-4640-817e-46ae4370ed34,pcr.dealer,premium,4278,2660,high,low,3,namesilo,,,28/09/2026 03:30
39a3112f-28f0-46c6-8e09-22e2276f9a89,itc.dealer,premium,4278,2660,high,low,3,namesilo,,,29/09/2026 10:09
6d8da775-ca36-4e45-be55-8fadba0257da,jody.dealer,premium,2015,2600,high,low,4,namecheap,,,01/10/2026 22:41
e8050983-6b5f-472e-ac84-3be0153c4e6a,frederick.dealer,premium,,,high,low,9,,,,28/09/2026 01:56
93a907a3-eea3-48ea-aeb7-4def4cf9d501,incoherent.dealer,premium,2015,2600,medium,low,10,namecheap,,,22/08/2026 01:42
906db4ee-178a-430c-8028-734b97fe25f0,minoan.dealer,available,350,3799.99,medium,low,6,name.com,,,24/08/2026 23:59
fa455346-2fc2-42cb-9bcf-ef97c79994c9,leggett.dealer,premium,4278,2660,high,low,7,namesilo,,,01/10/2026 23:34
49f7e89a-6c8e-44f0-98d6-b799d879e491,primer.dealer,premium,1604.45,2070.2,high,low,6,spaceship,,,29/09/2026 19:29
0a50b702-0bb1-4dbe-8f96-b1722e31c5a8,bombast.dealer,premium,4278,2660,medium,low,7,namesilo,,,24/09/2026 03:35
7cacf057-20b6-4a2a-b641-ad28400df4d9,davies.dealer,premium,,,medium,low,6,,,,29/09/2026 03:54
894ee617-f1a0-4c56-8b76-6c6728acedbc,mobilize.dealer,premium,2015,2600,high,low,8,namecheap,,,01/10/2026 04:12
10d633ba-73f7-4897-98fb-88270f14955d,enamel.dealer,premium,1604.45,2070.2,high,low,6,spaceship,,,01/10/2026 19:28
4d53b9a5-b2fc-4e40-9bb9-7959ccf79329,captivity.dealer,premium,1604.45,2070.2,high,low,9,spaceship,,,29/09/2026 11:51
76612b10-357f-4610-8311-c5fae0697ecc,bosomed.dealer,available,350,3799.99,medium,low,7,name.com,,,10/08/2026 20:23
a49250f8-70cf-43f6-bca2-7f99b75c5e34,losers.dealer,premium,4278,2660,medium,low,6,namesilo,,,28/09/2026 04:59
d3682d14-5601-4129-bc52-6b753f95341e,sow.dealer,premium,4278,2660,high,low,3,namesilo,,,01/10/2026 03:46
25f37866-b70e-436a-9f7c-60f525951019,simmons.dealer,premium,1604.45,2070.2,medium,low,7,spaceship,,,28/09/2026 07:47
1df633d9-0be2-41b7-bf07-51a82890f9d7,blake.dealer,premium,4278,2660,high,low,5,namesilo,,,24/09/2026 03:45
e44eda34-5daf-4c2c-9eed-ba6962badb41,capitalise.dealer,available,2140.22,2140.22,high,low,10,dynadot,,,30/09/2026 17:01
61e3b205-a78b-4586-96c1-74ce726a6211,helga.dealer,premium,1604.45,2070.2,high,low,5,spaceship,,,30/09/2026 21:14
6e335598-2d2d-40e9-a45e-3597f88714c2,hurtful.dealer,premium,2015,2600,medium,low,7,namecheap,,,14/08/2026 00:28
469f2368-d81e-4046-a159-5c10bcc4553a,blackcap.dealer,available,2099,2099,medium,low,8,namesilo,,,23/09/2026 23:42
d22d0bd3-0598-4647-a092-e1b0088bdd13,anapest.dealer,available,498,2348,medium,low,7,namecheap,,,19/09/2026 02:04
f08f47de-ee40-4c71-aecd-2ab757d96ed6,gladys.dealer,premium,4278,2660,medium,low,6,namesilo,,,26/09/2026 03:41
45c5e0c9-6f6e-4cdb-a285-6ac20ba93baf,choosy.dealer,premium,2015,2600,high,low,6,namecheap,,,12/08/2026 06:53
cedef6bc-7c6a-401b-bfd6-876332cb53db,bing.dealer,premium,1604.45,2070.2,high,medium,4,spaceship,,,30/09/2026 11:51
f83f3bc7-181e-4a92-9743-2394aacb2509,olympia.dealer,premium,4278,2660,high,low,7,namesilo,,,29/09/2026 07:18
0dc93dd3-fc78-4cec-98a3-9c7cb30f3426,cleanliness.dealer,premium,4278,2660,high,low,11,namesilo,,,02/10/2026 02:07
53778693-1987-41b8-987c-6540c5da9b10,clogged.dealer,premium,2015,2600,medium,low,7,namecheap,,,12/08/2026 06:41
31ffd17c-d4cc-4085-9d84-9df3cbd1ef1a,gadget.dealer,premium,4278,2660,high,low,6,namesilo,,,19/09/2026 21:47
bad18c58-ea6c-4da4-aa43-6eb61de6162f,barbacan.dealer,available,2099,2099,medium,low,8,namesilo,,,22/09/2026 04:19
7ae20cf1-db04-4147-9942-66b561aa11d9,tasty.dealer,premium,2015,2600,high,low,5,namecheap,,,11/09/2026 09:04
9f952216-e6fb-4b7d-819c-1c449ba8d019,symmetrical.dealer,premium,4278,2660,high,low,11,namesilo,,,30/09/2026 03:46
5055ecd4-1b35-4f01-911a-c704131324e1,ssi.dealer,premium,2170,2800,high,low,3,namecheap,,,01/10/2026 18:32
37590d25-b3a2-404f-9428-48ad6a4c33af,weedless.dealer,available,498,2348,medium,low,8,namecheap,,,13/09/2026 10:00
ff3bba32-87da-4b6e-be3e-2c97e0b02578,xlviii.dealer,available,350,3799.99,medium,low,6,name.com,,,
5e064e64-7397-46a5-bd1d-04164f4dd78b,potable.dealer,premium,2015,2600,high,low,7,namecheap,,,14/08/2026 19:25
c7745020-2446-480c-a0bd-345eec662d5d,sighs.dealer,premium,,,medium,low,5,,,,30/09/2026 00:18
9a24e5d3-8324-4e46-8f33-d8ae64d309af,spleen.dealer,premium,4278,2660,high,low,6,namesilo,,,30/09/2026 02:01
9b91673a-21a2-458e-b201-adddd66ef122,acetone.dealer,premium,4278,2660,high,low,7,namesilo,,,17/09/2026 00:07
04a0974b-3371-4704-afdc-5e371c1597d7,uncapped.dealer,available,498,2348,medium,low,8,namecheap,,,12/09/2026 04:44
7d5f0e23-16c6-4962-96cb-acd034f5cf0e,trifle.dealer,premium,2015,2600,high,low,6,namecheap,,,13/09/2026 08:07
361d5057-5877-4487-a747-4892a5551cf1,orthopedic.dealer,premium,2015,2600,high,low,10,namecheap,,,04/09/2026 18:03
744103a2-5b34-4b37-bba1-1752afa71110,unpublished.dealer,premium,2140.22,2140.22,medium,low,11,dynadot,,,02/10/2026 01:35
3f4efe43-eebe-4652-9c82-e8cf0160de14,diploid.dealer,available,350,3799.99,medium,low,7,name.com,,,14/08/2026 08:26
731a1126-0167-46a9-af37-6a918094a64d,affirmed.dealer,premium,4278,2660,high,low,8,namesilo,,,17/09/2026 14:27
62f7521d-6527-4f8e-9a25-f064f0c21bb3,guardians.dealer,premium,,,medium,low,9,,,,30/09/2026 00:06
8e8eeff1-286c-4325-8d3d-ee97d37b59f7,trigon.dealer,available,498,2348,high,low,6,namecheap,,,11/09/2026 19:46
614f6467-5c6d-4417-96a9-e12af490d553,abelian.dealer,available,258.95,2052.9,high,low,7,spaceship,,,29/09/2026 08:39
5b96a05d-5038-4cea-93ce-7d674badf73e,reflection.dealer,premium,2015,2600,high,low,10,namecheap,,,25/09/2026 22:24
57c945a8-f83b-44d8-bdae-29cd05a38ae9,color.dealer,premium,4278,2660,high,low,5,namesilo,,,23/09/2026 15:05
42396fe3-f6a8-4b77-acdd-e6193779337e,amaethon.dealer,available,2099,2099,low,low,8,namesilo,,,18/09/2026 15:34
3ce1cdae-8ea7-4d90-a683-6fee824628f5,narrowed.dealer,premium,2015,2600,medium,low,8,namecheap,,,03/09/2026 13:27
ebdfa3c7-34a5-4b92-9621-41e66a96e298,ingrowing.dealer,available,350,3799.99,medium,low,9,name.com,,,22/08/2026 04:54
348af80e-3432-4cba-86b9-782bf837b23d,cappuccino.dealer,premium,4278,2660,high,low,10,namesilo,,,29/09/2026 07:24
fad552e3-ab3d-4c73-8cd8-8766cb7c90b0,knot.dealer,premium,2015,2600,high,low,4,namecheap,,,28/09/2026 19:37
e34f46bc-112e-4625-a46f-20bf235bb387,silicon.dealer,premium,4278,2660,high,low,7,namesilo,,,20/09/2026 22:24
6df110a0-c967-44d3-a941-6113118cc400,hiroshi.dealer,premium,4278,2660,medium,low,7,namesilo,,,29/09/2026 15:38
d5c71e1c-5844-4e2e-9b41-0721991301be,anatidae.dealer,available,2099,2099,medium,low,8,namesilo,,,19/09/2026 03:26
78b4003f-3ee9-4348-9359-948e76e8602c,logo.dealer,premium,1604.45,2070.2,high,low,4,spaceship,,,30/09/2026 21:05
e8e66a63-c66a-4eb1-bacd-fab467a927b1,fender.dealer,premium,1604.45,2070.2,high,low,6,spaceship,,,29/09/2026 00:29
b8760045-84ec-4717-9447-dc6e2b56ff8a,tattoo.dealer,premium,4278,2660,high,low,6,namesilo,,,27/09/2026 05:36
130f93e4-845b-4869-aaf3-c82a055ff965,bratislava.dealer,available,2099,2099,medium,low,10,namesilo,,,28/09/2026 13:35
b7c700ce-c3b9-4de5-861d-dfb4fce6a772,sure.dealer,premium,2015,2600,high,low,4,namecheap,,,24/09/2026 21:05
80ecc7a4-da8e-426a-b44d-96e5956e7aef,khorasan.dealer,available,2099,2099,medium,low,8,namesilo,,,30/09/2026 21:55
07a98585-1019-4106-84fb-54e59694ac46,graphene.dealer,premium,4278,2660,high,low,8,namesilo,,,30/09/2026 19:52
3bde2f21-4a72-4ea4-a267-e96d904d6a09,semen.dealer,premium,,,medium,low,5,,,,29/09/2026 18:24
a36824a3-fb1c-4968-a944-19bc9547097b,peach.dealer,premium,2015,2600,high,low,5,namecheap,,,22/08/2026 16:45
e89829a5-e537-4dc0-82fd-95d2f7cd737e,atonal.dealer,available,350,3799.99,medium,low,6,name.com,,,07/08/2026 13:46
bf9007cb-297e-45bd-a487-8901d9f6a707,dhs.dealer,premium,,,medium,low,3,,,,29/09/2026 09:25
495d563b-56c0-49e6-aa65-061d08f30f09,lift.dealer,premium,2015,2600,high,low,4,namecheap,,,03/09/2026 17:40
ecafcddc-19b5-4d2d-b31e-10a530e8d216,danielson.dealer,premium,4278,2660,medium,low,9,namesilo,,,01/10/2026 14:28
3be9e26b-db40-4943-967a-5a974c547df0,schulz.dealer,premium,1692.6,2183.84,high,low,6,porkbun,,,28/09/2026 13:42
d3096641-65e7-43b7-9dac-f7d84373dea3,launches.dealer,premium,4278,2660,medium,low,8,namesilo,,,21/09/2026 09:09
4faeedd6-24e5-4855-b656-159020d1adbd,keane.dealer,premium,1604.45,2070.2,medium,low,5,spaceship,,,28/09/2026 18:07
e752b321-07f0-4f92-b5a7-119c4ff90184,swagger.dealer,premium,2015,2600,high,low,7,namecheap,,,11/09/2026 04:59
4dfae20e-2606-4f78-9481-6893bce7d6de,frizzy.dealer,premium,2015,2600,medium,low,6,namecheap,,,18/08/2026 16:08
93856e69-8f0c-4eff-a3af-271c93bc4730,variably.dealer,available,2099,2099,medium,low,8,namesilo,,,16/09/2026 10:46
bb6056fc-d49a-4a98-ad25-8ae495fcf407,duncan.dealer,premium,4278,2660,high,low,6,namesilo,,,25/09/2026 05:02
da7a2a21-6777-4031-bf7f-88dafbbb4fd6,songbirds.dealer,premium,4278,2660,medium,low,9,namesilo,,,21/09/2026 08:44
117ac07d-7ec7-47e4-ad3d-e554d5b25e27,balinese.dealer,premium,4278,2660,high,low,8,namesilo,,,21/09/2026 22:03
f2f55a29-2a54-4df6-95f1-33f5228c0934,saudi.dealer,premium,2015,2600,high,low,5,namecheap,,,09/09/2026 21:58
57faec6d-36f8-4972-b23d-cc0c4b650324,shares.dealer,premium,2170,2800,high,low,6,namecheap,,,
d75131d8-1b94-4d76-8a71-a076c391acd5,peacock.dealer,premium,4278,2660,high,high,7,namesilo,,,29/09/2026 23:42
efd95c89-689f-46f2-883d-8f92ade5e267,transferred.dealer,premium,,,medium,low,11,,,,27/09/2026 22:38
b70433a0-0ccd-48cb-9d44-efd66955989a,riverdale.dealer,premium,4278,2660,high,low,9,namesilo,,,30/09/2026 05:42
ba73f00b-22c8-46e6-ab13-a159ef425748,resignation.dealer,premium,2170,2800,high,low,11,namecheap,,,
ab61ad5d-f36c-4f8f-b2c3-a8e7143071ee,apophasis.dealer,available,498,2348,medium,low,9,namecheap,,,19/09/2026 19:01
ce73ada9-8a7d-4f2e-af06-cc170481cf60,yoko.dealer,premium,,,high,low,4,,,,30/09/2026 22:00
d0b54354-cc84-4c8b-9394-cd039e842863,montfort.dealer,available,499.99,3999.99,medium,low,8,godaddy,,,30/09/2026 01:27
8d95c077-99dc-4cad-93b3-ced543a3ec7f,ledger.dealer,premium,4278,2660,high,medium,6,namesilo,,,16/09/2026 23:06
47355092-65ce-4676-8702-17c7d130a521,rails.dealer,premium,4278,2660,high,low,5,namesilo,,,30/09/2026 02:39
2d7d4349-efc7-41b0-868e-12b0feef8dba,skinner.dealer,premium,4278,2660,high,low,7,namesilo,,,21/09/2026 11:52
fb683bb3-9a2f-4eef-aa5f-ca18e5aaac82,buffoon.dealer,premium,4278,2660,medium,low,7,namesilo,,,24/09/2026 10:55
2f81c947-c61e-4726-9033-bdac9650e6b7,decaying.dealer,premium,4278,2660,medium,low,8,namesilo,,,01/10/2026 06:00
e399dda0-3e7e-484b-a8f4-a60531310680,nkvd.dealer,available,498,2348,medium,low,4,namecheap,,,30/09/2026 04:47
ceab3131-ec2e-44f6-bb70-a127a3ac88ef,traditionally.dealer,premium,1604.45,2070.2,medium,low,13,spaceship,,,29/09/2026 20:59
0a3d5daa-b0d2-487f-8732-5b5067ac3036,connecticut.dealer,premium,4278,2660,high,low,11,namesilo,,,28/09/2026 03:48
5a5f8522-108f-42d3-8e30-298987879f73,straight.dealer,premium,2015,2600,high,low,8,namecheap,,,14/08/2026 08:46
a36ae2a3-19ed-4794-984d-129c9a91141c,vicinity.dealer,premium,1604.45,2070.2,high,low,8,spaceship,,,28/09/2026 19:41
8148cc2e-29a4-430c-a3ff-e98d38ec5667,taunt.dealer,premium,2015,2600,medium,low,5,namecheap,,,11/09/2026 09:13
8ee0fbe6-06f4-49ec-8ae4-7bfd21cebd19,ims.dealer,premium,2140.22,2140.22,high,low,3,dynadot,,,30/09/2026 06:44
8fb98064-c6b8-4e3a-a2bf-8977839e4fbb,heated.dealer,premium,2015,2600,high,low,6,namecheap,,,21/08/2026 02:17
ef1d4857-80db-4395-8b95-04f80f6521ce,anglia.dealer,premium,4278,2660,medium,low,6,namesilo,,,19/09/2026 06:45
58a4d015-a526-4d7f-8837-768c3c0980b6,compositions.dealer,premium,1604.45,2070.2,medium,low,12,spaceship,,,02/10/2026 01:26
a6f1b006-2ab3-49ad-8c60-de6b58f8bfa4,clipped.dealer,premium,2015,2600,high,low,7,namecheap,,,12/08/2026 11:16
58a4018a-d529-4dcb-b78d-cc4b1de7803e,observer.dealer,premium,4278,2660,high,low,8,namesilo,,,27/09/2026 03:30
6d50948c-d0be-410b-a861-7ece47d26dfe,direct.dealer,premium,4278,2660,high,medium,6,namesilo,,,24/09/2026 10:39
ccbbf88b-9c44-446e-97ac-89c11bd4f77e,blackbuck.dealer,available,2099,2099,medium,low,9,namesilo,,,19/09/2026 14:39
b795abe3-da9f-40da-b5fc-5fd595b4b086,nicholls.dealer,premium,4278,2660,medium,low,8,namesilo,,,28/09/2026 16:37
8b0a5764-df71-46fc-a983-fcd16b524395,ambo.dealer,available,2099,2099,medium,low,4,namesilo,,,18/09/2026 17:17
c9e4a26f-d9af-4fd0-80b6-5a2b21ea5d74,dishonor.dealer,premium,4278,2660,high,low,8,namesilo,,,29/09/2026 15:45
1db42cc3-d667-46cb-a2d2-ed95d72feec9,terrorist.dealer,premium,4278,2660,medium,low,9,namesilo,,,25/09/2026 10:50
11ca31ef-9ff5-4076-a3c5-862bf0792996,berkelium.dealer,available,2099,2099,medium,low,9,namesilo,,,21/09/2026 00:14
144eb1de-a8f8-45bd-ae6f-a7a90591ff5b,kiwi.dealer,premium,2015,2600,high,high,4,namecheap,,,03/09/2026 16:42
96be1748-d7c2-4419-abe5-a0a31dfe89ae,dataflows.dealer,available,2099,2099,medium,low,10,namesilo,,,21/09/2026 05:22
2888b359-4e7d-4c01-8e2a-0aa316f23cb9,minerals.dealer,premium,4278,2660,high,low,8,namesilo,,,30/09/2026 06:24
41c44ac1-9165-4e5a-900e-b5fe0461a084,irascible.dealer,premium,2015,2600,medium,low,9,namecheap,,,21/08/2026 14:18
ed27fe85-d0d2-46fa-b9d4-b60daf71cdd9,oftentimes.dealer,premium,2015,2600,medium,low,10,namecheap,,,14/09/2026 20:04
7bf25164-c10e-40a0-a333-91439bd0fc69,cores.dealer,premium,4278,2660,medium,low,5,namesilo,,,01/10/2026 16:54
6863f719-e66b-477b-a3dd-89a47a3e8617,toller.dealer,available,2099,2099,medium,low,6,namesilo,,,23/09/2026 05:41
e13e6416-4c5a-4989-8ce9-89fcbc8f4da3,lens.dealer,premium,4278,2660,high,high,4,namesilo,,,29/09/2026 12:27
c3107058-bfd6-4131-a809-bec7d35edf15,palladio.dealer,available,498,2348,medium,low,8,namecheap,,,19/09/2026 04:26
0889a019-6200-4877-ae3f-e606cd30b110,supper.dealer,premium,1692.6,2183.84,high,low,6,porkbun,,,30/09/2026 12:31
c04f5d4a-757c-45bd-a35b-1a432d02a1b6,gigs.dealer,premium,2140.22,2140.22,medium,low,4,dynadot,,,02/10/2026 02:58
8383dd07-3834-4d41-9a12-8bdf6ca2faba,envisioned.dealer,premium,4278,2660,high,low,10,namesilo,,,24/09/2026 14:18
ccb0da00-278e-4357-89d1-d44e31668247,weldon.dealer,premium,1604.45,2070.2,medium,low,6,spaceship,,,28/09/2026 16:37
c049a741-85af-44d4-9613-fd4e907e9f71,murderous.dealer,premium,2015,2600,medium,low,9,namecheap,,,21/08/2026 11:28
2c7c7208-7536-4af0-b5f0-14085699b8f8,hog.dealer,premium,4278,2660,high,low,3,namesilo,,,28/09/2026 10:04
62d7bb3b-492a-4508-9550-4efa61091fdb,polynomial.dealer,premium,2015,2600,high,low,10,namecheap,,,03/09/2026 10:48
f9e8d762-e7b2-4650-8e18-c23c8ef8f508,worshipful.dealer,available,350,3799.99,high,low,10,name.com,,,
6ab0a564-6354-4fdd-aa7a-5a3e99cc74b2,palmar.dealer,available,498,2348,medium,low,6,namecheap,,,04/09/2026 23:58
74d6d16c-c6ec-41a5-a5e9-03baa7e59184,rufous.dealer,available,2000.2,2000.2,high,low,6,cloudflare,,,29/09/2026 22:57
727a0ddb-ed52-468f-a64f-1e50fb5db492,regeneration.dealer,premium,4278,2660,high,low,12,namesilo,,,29/09/2026 22:53
fec1d499-5178-43ca-870e-a561aacd6fbb,signing.dealer,premium,2015,2600,high,low,7,namecheap,,,27/09/2026 05:19
f47d07fb-9a51-41cf-a911-28894c492e1f,lawrenceville.dealer,premium,,,medium,low,13,,,,02/10/2026 00:56
f244c33a-8dc1-4710-a3a1-5cf822181059,unitarian.dealer,premium,2015,2600,high,low,9,namecheap,,,12/09/2026 13:56
82497a47-0109-421e-94c1-0321adcf9a88,cleft.dealer,premium,2015,2600,high,low,5,namecheap,,,12/08/2026 10:39
01b986ac-91b9-4fc9-b990-3c2d9ce0e920,flood.dealer,premium,4278,2660,high,low,5,namesilo,,,29/09/2026 13:53
00cea8c1-0873-46a5-b328-3a59fa098f60,zelda.dealer,premium,,,high,low,5,,,,30/09/2026 07:37
f31f824b-8039-4dd2-8c7e-8e6ee3e244fe,exam.dealer,premium,4278,2660,high,low,4,namesilo,,,27/09/2026 03:51
d498b30c-d2a8-4878-b579-15e198e7fa82,masterly.dealer,premium,2015,2600,high,low,8,namecheap,,,23/09/2026 21:40
9096bbcf-c1a2-475a-bc07-96a944230cf0,boisterous.dealer,premium,2015,2600,medium,low,10,namecheap,,,10/08/2026 17:38
8cbcd4b7-5cbf-421b-be06-cd889e38a74a,huh.dealer,premium,1604.45,2070.2,high,low,3,spaceship,,,01/10/2026 04:35
3c3a7667-0143-405e-a2d6-a444e04719d4,dreamed.dealer,premium,1604.45,2070.2,medium,low,7,spaceship,,,27/09/2026 21:44
d887ff10-5b9b-432c-a662-3d1446b7e681,clerical.dealer,premium,2015,2600,high,low,8,namecheap,,,12/08/2026 10:48
35619066-91f4-4962-96f9-b972caebc5d9,jarring.dealer,premium,2015,2600,medium,low,7,namecheap,,,22/08/2026 12:26
e3501c2c-1623-47ca-9919-1f728bd1aab8,milano.dealer,premium,1604.45,2070.2,high,low,6,spaceship,,,28/09/2026 14:52
af57da8a-f36c-40bf-af7f-b13648fa81f8,allowable.dealer,premium,2015,2600,high,low,9,namecheap,,,
50e59801-649a-4a40-91fd-65a4a50c3d7b,richey.dealer,premium,4278,2660,medium,low,6,namesilo,,,02/10/2026 01:53
0b1d6768-fe38-4e96-82a6-8aae92581f92,reprint.dealer,premium,2015,2600,high,low,7,namecheap,,,10/09/2026 04:03
c61cf037-afd8-499f-b416-778f3b0a9fc7,breasted.dealer,available,350,3799.99,medium,low,8,name.com,,,11/08/2026 03:12
d565a28b-d3e5-47ae-9b26-fabd07a0bcc5,bats.dealer,premium,2015,2600,high,low,4,namecheap,,,06/08/2026 20:31
76ed3c3a-0ad6-4a49-b10d-5f8ab4a39eb9,notch.dealer,premium,1604.45,2070.2,high,low,5,spaceship,,,28/09/2026 10:27
8b709dfe-7a9c-4819-a34e-cd74e7bd2644,des.dealer,premium,1604.45,2070.2,high,low,3,spaceship,,,29/09/2026 14:04
b8379bf9-5b7b-4a97-b253-6c3d614c91ca,massachusetts.dealer,premium,2015,2600,medium,low,13,namecheap,,,28/09/2026 11:48
63b8ed30-79c4-496e-a6d6-5145cc71e7e2,osmium.dealer,available,2099,2099,medium,low,6,namesilo,,,20/09/2026 23:48
feb6bbd7-d156-4b38-8390-21c20267fc92,interact.dealer,premium,2170,2800,high,low,8,namecheap,,,30/09/2026 20:24
383a4a6b-df32-4071-ac39-ec68a2743f9d,jeans.dealer,premium,2140.22,2140.22,medium,low,5,dynadot,,,28/09/2026 12:09
6b8c139c-68e2-4ced-a48c-7671a0055acd,salverform.dealer,available,498,2348,high,medium,10,namecheap,,,09/09/2026 21:02
74b8df9f-d327-4bf3-97a3-5dec38fe30f2,elle.dealer,premium,2015,2600,high,low,4,namecheap,,,29/09/2026 21:03
5f9c7d9d-dd22-40ba-a0b4-467a2360c163,daedal.dealer,available,350,3799.99,medium,low,6,name.com,,,13/08/2026 15:30
ec6c484f-5d21-4c51-845e-09e17a81a6f5,darnell.dealer,premium,4278,2660,medium,low,7,namesilo,,,01/10/2026 10:55
7f68c555-8a4f-4d13-b161-3e1d7fab2692,montclair.dealer,premium,1604.45,2070.2,medium,low,9,spaceship,,,29/09/2026 04:37
506718f4-23e8-4fcf-93c8-67ebfc0db770,malaysian.dealer,premium,2015,2600,high,low,9,namecheap,,,24/08/2026 13:46
6c2ec636-2542-40b7-8b61-33da7e51ec94,current.dealer,premium,2015,2600,high,low,7,namecheap,,,13/08/2026 11:26
5faf4f21-c88b-4738-bcdf-5c0342371a72,baric.dealer,available,350,3799.99,low,low,5,name.com,,,08/08/2026 19:31
fa6dc4bc-25ad-4a77-ae1c-417a112ea335,ain.dealer,premium,2015,2600,high,low,3,namecheap,,,
9490a087-3b33-4cae-b662-ce738590d6c1,fitter.dealer,premium,2015,2600,high,low,6,namecheap,,,18/08/2026 05:48
ebd8f63d-6548-43dc-bebe-65d5cd00dc98,cluster.dealer,premium,4278,2660,high,low,7,namesilo,,,24/09/2026 11:12
92065b12-2f99-4f4a-89c0-f69111f13024,equals.dealer,premium,2499,3799.99,medium,low,6,name.com,,,18/09/2026 22:09
d5c8b9af-f11e-4129-aae7-6b295b735f4e,hussein.dealer,premium,4278,2660,medium,low,7,namesilo,,,25/09/2026 07:40
a73a0039-0380-4e19-9652-3f136425910c,amblyopia.dealer,available,2099,2099,medium,low,9,namesilo,,,18/09/2026 17:11
83196f01-286f-437b-b253-73fb9127f04c,webber.dealer,premium,4278,2660,medium,low,6,namesilo,,,29/09/2026 15:02
c4041f00-ff6a-4d32-befe-d1defe0ae2cb,godard.dealer,premium,1604.45,2070.2,medium,low,6,spaceship,,,01/10/2026 19:49
140e70a7-ae9a-402a-93ef-d25520074cda,forte.dealer,premium,2015,2600,high,low,5,namecheap,,,18/08/2026 12:23
60518e5b-0103-47e6-b51e-f30b0b3566a8,collars.dealer,premium,4278,2660,medium,low,7,namesilo,,,20/09/2026 09:10
39718108-4cfe-4a29-9705-f4db9273325c,invincible.dealer,premium,4278,2660,high,low,10,namesilo,,,25/09/2026 11:10
eaabe79c-39eb-42db-8182-a86963662104,leopard.dealer,premium,4278,2660,high,low,7,namesilo,,,28/09/2026 06:09
f9579296-6e9d-40ef-a122-da857bfdf760,apoptosis.dealer,premium,2015,2600,medium,low,9,namecheap,,,19/09/2026 19:14
554becd2-5c69-45fb-9cff-626c209b5eb4,optimism.dealer,premium,1604.45,2070.2,high,low,8,spaceship,,,29/09/2026 07:46
8e7c10c4-d9d2-458e-9ec1-dbb0e6eb3a32,hendrick.dealer,premium,4278,2660,medium,low,8,namesilo,,,29/09/2026 10:54
ae043e52-4dae-4fbf-ae62-784289c7d72d,owls.dealer,premium,1604.45,2070.2,medium,low,4,spaceship,,,29/09/2026 11:16
d2394708-6090-45a6-bac5-495e767670c7,penally.dealer,available,498,2348,medium,low,7,namecheap,,,15/09/2026 19:29
9463cdc8-452e-4ec6-addf-a6281f358c03,orpine.dealer,available,350,3799.99,medium,low,6,name.com,,,24/08/2026 07:58
8a9a999d-13bf-45bf-9129-08019a70cff4,ugly.dealer,premium,4278,2660,high,low,4,namesilo,,,24/09/2026 06:45
4e7f386e-1fb7-464c-9ba7-59c3dd47193a,persuade.dealer,premium,2015,2600,high,low,8,namecheap,,,27/09/2026 16:35
0f8e8a86-8f0b-4cd3-80cc-0bad6634550b,alarmed.dealer,premium,2015,2600,medium,low,7,namecheap,,,
c2b119b7-20e6-4cdd-8691-bf749b23443a,squeezable.dealer,available,498,2348,medium,low,10,namecheap,,,10/09/2026 17:41
22837e3f-77da-489c-bd77-323e4adaa94c,thorny.dealer,premium,2015,2600,medium,low,6,namecheap,,,08/08/2026 17:55
40708eee-0e36-4289-b38f-272ad7aa6d17,discovering.dealer,premium,1604.45,2070.2,medium,low,11,spaceship,,,29/09/2026 10:28
342a9161-c2b3-4cdb-874b-f88c4850b813,bitmap.dealer,available,2099,2099,high,low,6,namesilo,,,23/09/2026 22:40
820271ce-40ba-4031-bd99-2ab3fbc6d8cc,prepupal.dealer,available,498,2348,high,medium,8,namecheap,,,09/09/2026 01:41
1f22696f-c7e7-432d-80e1-8e9e571df544,announces.dealer,premium,4278,2660,medium,low,9,namesilo,,,21/09/2026 01:47
8dfe794f-45b1-48a8-844c-53161bf9a4f2,ballpark.dealer,premium,4278,2660,high,low,8,namesilo,,,19/09/2026 22:25
15aad1bc-63bd-493b-9494-de20123da4da,tend.dealer,premium,1604.45,2070.2,high,low,4,spaceship,,,29/09/2026 23:54
1c418462-ee44-403a-9068-18c09675b3e0,hunters.dealer,premium,1692.6,2183.84,medium,low,7,porkbun,,,28/09/2026 08:39
7c8ce7a8-73da-4ce8-b4d2-a78f8e594e56,left.dealer,premium,4278,2660,high,low,4,namesilo,,,25/09/2026 13:25
8704cdcf-82de-47d1-97f2-553430e683af,bearwood.dealer,available,350,3799.99,medium,low,8,name.com,,,22/09/2026 20:58
46d26c2e-546e-4a7d-96f2-5ca883ba075a,analogical.dealer,premium,2015,2600,medium,low,10,namecheap,,,
6d1b7838-d985-4bba-93a2-ac590561fde5,xlii.dealer,available,350,3799.99,medium,low,4,name.com,,,
691aad84-337f-4bfe-94d4-7690f43e7810,unequaled.dealer,available,498,2348,high,low,9,namecheap,,,12/09/2026 09:09
42cefe3c-30e8-4316-b4c4-60b8ad28a75c,subliminal.dealer,premium,2015,2600,high,low,10,namecheap,,,11/09/2026 00:08
e127893e-e8ec-494f-a99a-7c10595e8239,wizard.dealer,premium,2015,2600,high,medium,6,namecheap,,,21/09/2026 18:11
db7a9dc3-77ee-41d6-b8cf-db6b0de91fe2,gainful.dealer,premium,2015,2600,high,low,7,namecheap,,,18/08/2026 19:30
0abf6fbb-2d73-4669-94c9-13278365abe6,toni.dealer,premium,4278,2660,high,low,4,namesilo,,,27/09/2026 07:46
716e5022-9056-4d84-88aa-967adc9e264a,fil.dealer,premium,4278,2660,high,low,3,namesilo,,,30/09/2026 03:20
98eaac01-a6d1-4550-b60e-3db46bbf0780,instructions.dealer,premium,4278,2660,high,low,12,namesilo,,,25/09/2026 16:47
1b5045c8-035f-4495-a594-423cf560a24c,lascivious.dealer,premium,2015,2600,medium,low,10,namecheap,,,22/08/2026 20:04
d3d9352f-f3f8-45d2-8850-4b125087d3d6,retentive.dealer,available,498,2348,medium,low,9,namecheap,,,09/09/2026 11:47
c3245bb9-02c5-4623-af6f-2317b4bc6ca3,heroically.dealer,premium,2015,2600,high,low,10,namecheap,,,15/09/2026 00:39
d95f0690-3597-49d4-95f1-ea14df4c40ba,sheepish.dealer,premium,2015,2600,high,medium,8,namecheap,,,10/09/2026 06:19
e7de690e-f986-4ec3-ba93-ce0570e73cca,basingstoke.dealer,available,258.95,2052.9,medium,low,11,spaceship,,,02/10/2026 00:03
557fc91a-306c-4ca9-8964-7fd5bb7b874e,propeller.dealer,premium,1604.45,2070.2,high,low,9,spaceship,,,29/09/2026 01:54
f867f90e-ed0a-4a94-99a7-dedfeb5fb0b2,crispy.dealer,premium,2015,2600,high,low,6,namecheap,,,13/08/2026 07:23
73deb141-2424-49c0-a8bb-c3f57b70f026,lending.dealer,premium,,,high,low,7,,,,29/09/2026 07:28
ef250edd-7aba-4a4e-86a0-1c9ef7320a63,shapely.dealer,premium,2015,2600,high,low,7,namecheap,,,10/09/2026 05:57
72791a56-bdd3-41f9-9cd0-70fab4c290de,applause.dealer,premium,2015,2600,high,low,8,namecheap,,,19/09/2026 20:55
6d24ce4a-30ac-4a87-a32b-b41bd33c7e43,sulu.dealer,premium,2140.22,2140.22,high,low,4,dynadot,,,30/09/2026 20:01
9ed59f24-d4d4-4da1-a45a-e38b8fdc2ad4,breadfruit.dealer,premium,2015,2600,high,low,10,namecheap,,,20/09/2026 11:57
1fe0ca34-c4ef-41d9-81c3-042eb2f7688c,multicolor.dealer,available,498,2348,high,low,10,namecheap,,,03/09/2026 10:35
ffd26316-c544-48c7-8e50-93f636924617,blanched.dealer,premium,2015,2600,medium,low,8,namecheap,,,07/08/2026 02:14
ebdea7d3-28ee-445d-a7df-b5abfb4a0e92,potato.dealer,premium,4278,2660,high,medium,6,namesilo,,,30/09/2026 00:23
d03b2c93-d54d-43b1-ade9-63d7d1e0f0f5,punched.dealer,premium,4278,2660,medium,low,7,namesilo,,,19/09/2026 01:53
4b25d225-d505-463b-83de-40479368da87,laval.dealer,available,2000.2,2000.2,high,low,5,cloudflare,,,28/09/2026 05:09
560bba18-eb29-4961-8ae4-f8403820349a,bairn.dealer,available,498,2348,medium,low,5,namecheap,,,21/09/2026 19:31
d2040bd8-3ad1-49e5-add0-a084b62a8d1f,singer.dealer,premium,4278,2660,high,low,6,namesilo,,,25/09/2026 23:13
6b8d20b8-6ca6-420a-b4b7-6abf04e96f73,govern.dealer,premium,1604.45,2070.2,high,low,6,spaceship,,,29/09/2026 13:54
20e4bc03-ff8d-44fc-ab74-db39c51effbc,army.dealer,premium,4278,2660,high,low,4,namesilo,,,20/09/2026 07:50
975df52d-e85f-4241-a9cd-8a2f7da97a95,provisions.dealer,premium,2015,2600,high,low,10,namecheap,,,08/09/2026 08:15
0a870832-b5ce-4faf-9114-13810fa71792,frenzy.dealer,premium,4278,2660,high,low,6,namesilo,,,24/09/2026 21:40
a2e14cc3-a1b7-4af0-9774-696a4ba6f9ca,lasts.dealer,premium,1692.6,2183.84,low,low,5,porkbun,,,28/09/2026 09:03
1e4f2eb7-a054-42da-8f9d-78fbefded487,costs.dealer,premium,1604.45,2070.2,high,low,5,spaceship,,,29/09/2026 11:44
8f68f4a2-d716-48ca-b6fa-b47f91b51ef9,kilometers.dealer,premium,4278,2660,medium,low,10,namesilo,,,28/09/2026 23:06
a95fe113-e2d8-444f-8a1c-7bd1752cf114,aureate.dealer,available,2099,2099,medium,low,7,namesilo,,,22/09/2026 12:51
3fc9fbe3-9104-44e2-8b48-ea0ee2f65efa,bahreini.dealer,available,350,3799.99,medium,low,8,name.com,,,08/08/2026 08:41
a52568fa-2c1e-431c-b019-8ef473605e97,slimly.dealer,available,498,2348,medium,low,6,namecheap,,,16/09/2026 02:34
e0b38e0b-5aa5-41c1-9e42-4e04d4616962,cyclopean.dealer,available,350,,medium,low,9,name.com,,,13/08/2026 13:51
ffad8a20-6294-4a1c-91e3-149e0b61ef4c,ebooks.dealer,premium,4278,2660,medium,low,6,namesilo,,,18/09/2026 08:29
f1082a1e-7e44-4107-b888-48ee99fbe4c9,intercultural.dealer,premium,2170,2800,high,low,13,namecheap,,,01/10/2026 23:06
f8869ad6-e9b5-45e6-ba0c-881829598f54,catechu.dealer,available,498,2348,medium,low,7,namecheap,,,16/09/2026 20:04
607850f4-4dbb-4d39-a9ff-6afb5aa79742,moneymakers.dealer,available,498,2348,medium,low,11,namecheap,,,20/09/2026 18:20
8102b5f9-151c-4e60-b144-7efacd76f642,praetorian.dealer,available,498,2348,high,medium,10,namecheap,,,09/09/2026 00:58
ff1d39d0-9caf-410a-b299-a1846bad5056,hurricane.dealer,premium,1692.6,2183.84,high,low,9,porkbun,,,27/09/2026 14:11
9f652341-34f1-47cd-9b84-e6836fdf9f37,zionist.dealer,premium,2015,2600,high,low,7,namecheap,,,13/09/2026 15:21
ea77a7c6-c9c8-434b-95cd-f18af5e41a76,interrogate.dealer,premium,1604.45,2070.2,high,low,11,spaceship,,,01/10/2026 05:15
b60d5728-352a-45cc-9830-61831fe68a38,baby.dealer,premium,4278,2660,high,low,4,namesilo,,,29/09/2026 00:03
e8643fe6-fefa-4e24-b811-4a575eb33b50,screw.dealer,premium,2015,2600,high,low,5,namecheap,,,18/08/2026 17:26
30d68c5a-5a4c-4c1b-a5e8-81948f011206,undyed.dealer,available,350,3799.99,medium,low,6,name.com,,,12/09/2026 02:08
07dafcae-b519-41eb-bf04-8d4faa3816e6,thriller.dealer,premium,4278,2660,high,low,8,namesilo,,,29/09/2026 14:04
7c1d1fc4-58a9-44d1-ae15-3d5f15302d8e,hurried.dealer,premium,2015,2600,high,low,7,namecheap,,,21/08/2026 15:45
2d05ab47-cb88-451d-8988-03c46dc239a3,bearnaise.dealer,available,498,2348,medium,low,9,namecheap,,,22/09/2026 21:23
eb8e1a6e-5f53-4996-a19a-8e57714f4044,catclaw.dealer,available,2099,2099,medium,low,7,namesilo,,,23/09/2026 23:59
f91518f0-232a-4ed1-b16e-81128702d454,barograph.dealer,available,2099,2099,medium,low,9,namesilo,,,22/09/2026 06:59
7b93d7cc-1061-4b52-af35-c90ee344f5a2,fairfax.dealer,premium,4278,2660,high,low,7,namesilo,,,25/09/2026 15:13
0632fe6c-0f0e-48eb-93c0-fdfcb8fd38b1,flies.dealer,premium,4278,2660,high,low,5,namesilo,,,25/09/2026 06:05
1c8146b6-cf1e-40ec-b4c8-bfc47936c479,uncarved.dealer,available,498,2348,medium,low,8,namecheap,,,12/09/2026 04:48
bb29572b-f8d8-4247-8ece-69f0e4ee6da7,cables.dealer,premium,4278,2660,medium,low,6,namesilo,,,17/09/2026 12:09
b39ca702-a3ea-4281-b387-8102b5d09613,inhale.dealer,premium,4278,2660,high,low,6,namesilo,,,30/09/2026 16:29
16c98596-33f5-494b-9b30-a85e53072f50,gripping.dealer,premium,4278,2660,high,low,8,namesilo,,,21/09/2026 15:05
4605e882-b052-43ef-b4b1-05d8bf813223,intercepted.dealer,premium,4278,2660,medium,low,11,namesilo,,,28/09/2026 23:49
3446175a-687a-4e78-a551-f50b5eafe8c7,sunburn.dealer,premium,2015,2600,high,low,7,namecheap,,,11/09/2026 07:53
f8efc54f-6bb1-4dfd-9cea-6df44e613553,destinations.dealer,premium,2015,2600,high,low,12,namecheap,,,20/09/2026 11:44
d804ad2e-5d5f-4d21-bdbc-d2a27b92dbcb,catarina.dealer,available,498,2348,medium,low,8,namecheap,,,30/09/2026 14:56
bbd299ad-5eee-40af-b861-940372c38d97,acetylene.dealer,available,2099,2099,medium,low,9,namesilo,,,17/09/2026 00:22
471f2db5-1570-4c99-8a5c-13cafc1abe7b,settlement.dealer,premium,4278,2660,high,low,10,namesilo,,,28/09/2026 01:43
de02e8d1-a6c8-4d4c-8c0a-093aaf0559a9,increases.dealer,premium,1604.45,2070.2,medium,low,9,spaceship,,,29/09/2026 10:46
3f29aa2f-62a2-46cf-80d5-925ac3137ff7,capture.dealer,premium,4278,2660,high,low,7,namesilo,,,24/09/2026 12:42
d8476207-3e2d-4a63-b829-f12d1d7a3c01,antigen.dealer,premium,4278,2660,high,low,7,namesilo,,,19/09/2026 14:24
d6b46362-a4f7-4999-be10-68c1787967cd,evasion.dealer,premium,2140.22,2140.22,high,low,7,dynadot,,,29/09/2026 18:40
097ba175-79eb-4cfb-a749-32b68925c049,romanic.dealer,available,498,2348,high,medium,7,namecheap,,,09/09/2026 18:30
0bc71a9d-2830-4328-a014-018c0d3085fb,orientation.dealer,premium,4278,2660,medium,low,11,namesilo,,,28/09/2026 22:40
346d38ff-98d2-4ba7-9ee2-f505cf10a5bd,crafty.dealer,premium,2015,2600,high,low,6,namecheap,,,24/09/2026 01:24
46e55f49-a983-46e6-bf03-2a2707c636c2,intel.dealer,premium,1604.45,2070.2,high,high,5,spaceship,,,28/09/2026 07:38
6ec90e50-36de-4e0b-9c7f-50b76509f5d2,recondite.dealer,available,350,3799.99,medium,low,9,name.com,,,
58dd52c4-64f8-42a4-897f-5a0d29eb34ab,endemical.dealer,available,350,3799.99,medium,low,9,name.com,,,17/08/2026 00:53
8ccac051-4ffb-4cf1-99b2-47168edcdd20,gresham.dealer,premium,,,medium,low,7,,,,29/09/2026 01:08
6f303ddc-baad-4092-872a-24b444e3ddff,heady.dealer,premium,2015,2600,high,low,5,namecheap,,,18/08/2026 10:29
96646f80-581b-423e-9d3c-ca739d1086ee,rubs.dealer,premium,4278,2660,medium,low,4,namesilo,,,20/09/2026 09:37
27f35e55-3b42-42b6-ae4a-1c140d415b97,auxin.dealer,available,2099,2099,medium,low,5,namesilo,,,21/09/2026 08:33
2ab37252-0130-4ff4-8285-33daa23be874,asshole.dealer,premium,2015,2600,medium,low,7,namecheap,,,08/08/2026 23:24
93d2d37f-fc81-4b56-8876-74e274f562d9,martini.dealer,premium,4278,2660,high,low,7,namesilo,,,28/09/2026 14:50
2d11dd28-6bfb-4ad0-99c9-7f47762295ca,scalp.dealer,premium,4278,2660,high,low,5,namesilo,,,29/09/2026 08:01
393ca038-822d-42e2-a89e-1634c9cb37fe,succeeded.dealer,premium,1604.45,2070.2,medium,low,9,spaceship,,,28/09/2026 17:37
f9b77b38-fb4c-4988-9a82-daeef5433de6,aeneas.dealer,premium,2015,2600,medium,low,6,namecheap,,,17/09/2026 12:27
4131d967-2a47-4ed8-9912-ce3a95fac5c5,ail.dealer,premium,2015,2600,high,low,3,namecheap,,,17/09/2026 21:05
ac7a3f42-7aa6-4992-85aa-3ff3439a97e2,delos.dealer,available,2099,2099,high,low,5,namesilo,,,01/10/2026 23:44
c1df44e5-65ae-43db-b469-97c7a816aea2,foote.dealer,premium,4278,2660,medium,low,5,namesilo,,,28/09/2026 08:03
cf3a75de-7744-4c51-8908-2ebefc8c2562,indexical.dealer,available,350,3799.99,medium,low,9,name.com,,,22/08/2026 02:53
e16033be-9d65-41cc-87fe-9d40012d9e1d,profound.dealer,premium,4278,2660,high,low,8,namesilo,,,27/09/2026 07:12
b74e045a-179f-4e1d-a037-050341827c9d,infidelity.dealer,premium,1692.6,2183.84,medium,low,10,porkbun,,,30/09/2026 01:58
237c846d-2dc5-4905-bcd8-5b5610ebc809,prattle.dealer,premium,4278,2660,medium,low,7,namesilo,,,23/09/2026 23:32
f1e01013-99fb-4876-a34d-285a1a5fe013,spouses.dealer,premium,4278,2660,medium,low,7,namesilo,,,02/10/2026 01:55
6c252b68-13e3-4e10-91b5-686941289419,acrostic.dealer,available,2099,2099,medium,low,8,namesilo,,,17/09/2026 03:59
289a18f6-6a30-4a9f-89a9-d8afaf9a6598,hack.dealer,premium,,,high,medium,4,,,,28/09/2026 01:47
d4d9a30d-e537-4799-a2b3-894dc234d2b4,asphodel.dealer,available,2099,2099,medium,low,8,namesilo,,,20/09/2026 15:08
1a0d1b54-cc12-455e-8e08-f0faf69c872e,armorial.dealer,available,350,3799.99,medium,low,8,name.com,,,06/08/2026 20:15
00bd0a0e-cc6c-4808-849e-8b17057f148d,chauffeur.dealer,premium,1604.45,2070.2,high,low,9,spaceship,,,29/09/2026 11:53
88bc042c-d6be-4301-9f16-98278af21b13,runny.dealer,premium,2015,2600,medium,low,5,namecheap,,,09/09/2026 19:37
553e05ac-3efd-480c-b516-7f131aad5a22,infections.dealer,premium,4278,2660,low,low,10,namesilo,,,30/09/2026 15:33
aaef43bc-cf71-4aef-a259-38501e3c7282,hubert.dealer,premium,4278,2660,medium,low,6,namesilo,,,25/09/2026 16:58
224f4b15-f3f1-41dd-8ca8-ac78464868c5,waxing.dealer,premium,2015,2600,high,low,6,namecheap,,,13/09/2026 08:44
56e178a8-0ae4-4990-987e-b2581cf4a056,chaparral.dealer,premium,2015,2600,medium,low,9,namecheap,,,10/09/2026 00:21
81e766f0-d4e8-45e6-85d4-fbb96865f693,converge.dealer,premium,2015,2600,high,low,8,namecheap,,,30/09/2026 17:59
c3e5c7d0-0d68-4de0-80f5-606fa0db2042,creole.dealer,premium,2015,2600,high,low,6,namecheap,,,13/08/2026 06:07
e77ebdd9-94c9-4395-be72-586e934581c8,amniota.dealer,available,2099,2099,medium,low,7,namesilo,,,18/09/2026 22:27
c5f23cf2-8788-4529-9e47-64eaf8c4a807,mantle.dealer,premium,2015,2600,medium,low,6,namecheap,,,28/09/2026 18:42
b3a0a5c6-e3fe-4928-818f-8a6e7907a176,francs.dealer,premium,1604.45,2070.2,medium,low,6,spaceship,,,28/09/2026 13:09
8564ecd6-c7d4-4e5e-892e-563546615785,brownish.dealer,premium,2015,2600,medium,low,8,namecheap,,,11/08/2026 06:19
753f576a-8cf2-419a-8dd9-df6e890e12de,barde.dealer,available,2099,2099,medium,low,5,namesilo,,,22/09/2026 05:12
726397cd-4675-473e-86b2-4d64f40835b1,controls.dealer,premium,1604.45,2070.2,medium,low,8,spaceship,,,27/09/2026 23:26
b4b082a0-6fc7-4362-8762-a9f54322b990,certificates.dealer,premium,4278,2660,medium,low,12,namesilo,,,30/09/2026 00:39
27b59429-f21a-4fe4-ae84-df7aeace7bf2,defoe.dealer,premium,4278,2660,medium,low,5,namesilo,,,30/09/2026 16:57
918de6ee-3d67-4ef6-b0ad-eff6b3a94feb,banded.dealer,premium,2015,2600,medium,low,6,namecheap,,,08/08/2026 11:40
e56fa104-406b-4493-9942-08cac54edab4,sup.dealer,premium,2170,2800,high,low,3,namecheap,,,30/09/2026 12:28
43973de6-fbb6-4a43-ab83-78efc1bb9899,gunfire.dealer,premium,1604.45,2070.2,medium,low,7,spaceship,,,28/09/2026 19:24
3bcfbf06-02b5-4715-ac81-35e2f4942632,hallowmas.dealer,available,2099,2099,medium,low,9,namesilo,,,18/09/2026 09:30
f2e27b2d-798e-47b2-9ce3-aa9d80d8f476,verbalize.dealer,premium,2015,2600,medium,low,9,namecheap,,,13/09/2026 00:14
81c0c319-5662-429b-930c-7b267fc9fbcf,obtrusive.dealer,available,498,2348,medium,low,9,namecheap,,,04/09/2026 00:07
676a7d62-9ce1-4978-88cc-2a890fa977ff,shred.dealer,premium,2015,2600,high,low,5,namecheap,,,01/10/2026 02:41
de02c25f-b321-4eea-b031-3474d404bb46,activewear.dealer,available,2099,2099,high,low,10,namesilo,,,17/09/2026 05:14
658e1b02-6ea7-4233-9e54-b899415f1ec2,continuo.dealer,available,2099,2099,medium,low,8,namesilo,,,22/09/2026 12:27
3ddf834b-7a48-49ad-8599-452e5d55d892,einstein.dealer,premium,1604.45,2070.2,high,low,8,spaceship,,,28/09/2026 20:04
1bbb5c20-f36c-44a6-b182-91871f955d84,terzetto.dealer,available,350,3799.99,medium,low,8,name.com,,,
398cbec5-07bd-48d8-ae7f-67ae3462dade,bassia.dealer,available,2099,2099,medium,low,6,namesilo,,,22/09/2026 12:17
3e1d254b-b20a-48c5-aff7-08d1f940d929,amylaceous.dealer,available,350,3799.99,medium,low,10,name.com,,,
0690883c-dd86-4527-8b8a-11f195ff979c,resolved.dealer,premium,1604.45,2070.2,high,low,8,spaceship,,,27/09/2026 12:25
c8bd4d0a-25a2-4f8a-bf26-6f75e86ba6b9,enemy.dealer,premium,4278,2660,high,low,5,namesilo,,,01/10/2026 03:12
92a2ec8d-0a19-4622-b8f3-cf887e3b6551,floury.dealer,available,350,3799.99,medium,low,6,name.com,,,18/08/2026 09:00
43236bf4-e45b-4051-822e-cfed0b5057c0,fuddled.dealer,available,350,3799.99,low,low,7,name.com,,,09/08/2026 15:36
dcc1a48d-8dba-4da3-824d-bb35f1557e99,snarly.dealer,available,350,3799.99,high,medium,6,name.com,,,10/09/2026 12:20
dde8e10f-d197-4361-86c2-6eab6c2c505d,finnegan.dealer,premium,1604.45,2070.2,medium,low,8,spaceship,,,01/10/2026 11:40
4f331f15-8d85-42d9-95ef-3313b455fcdb,skeptical.dealer,premium,2015,2600,medium,low,9,namecheap,,,14/08/2026 09:34
5dbc7cc4-8a58-4649-899b-308edc879d58,kpa.dealer,premium,2015,2600,medium,low,3,namecheap,,,28/09/2026 16:13
92ff3045-33d1-4d0e-8336-219e94db7e0a,herring.dealer,premium,1604.45,2070.2,high,low,7,spaceship,,,30/09/2026 01:03
9a5decb0-66aa-4163-ae12-b0f4937001d8,cannibal.dealer,premium,4278,2660,medium,low,8,namesilo,,,19/09/2026 13:56
6ba93e74-c05e-46e6-a30e-32a74e5c6b43,imprisonment.dealer,premium,,,medium,low,12,,,,28/09/2026 22:40
d2490a75-64fa-4fd0-8ef3-daccb5844f1c,ftp.dealer,premium,,,high,low,3,,,,30/09/2026 01:37
5f47c50b-9858-4958-9eb4-38b53b1c7a65,muttering.dealer,premium,2015,2600,medium,low,9,namecheap,,,03/09/2026 11:14
3fd8ae0f-f733-48d9-b8dd-be3dc17c559b,filipino.dealer,premium,2015,2600,high,low,8,namecheap,,,18/08/2026 04:19
a5c40a0f-a190-4279-9a10-d8980dc981b0,parity.dealer,premium,4278,2660,high,low,6,namesilo,,,24/09/2026 13:55
6d1707c7-e106-48ae-ac62-cacf65eeb31a,alnico.dealer,available,2099,2099,medium,low,6,namesilo,,,18/09/2026 12:50
2d2cb64a-c54f-4ba3-8daf-99aa2f455b17,sinn.dealer,premium,4278,2660,high,low,4,namesilo,,,28/09/2026 15:48
d76ebcfd-58e2-447b-9338-6a0a476e0e58,aleph.dealer,premium,2015,2600,high,low,5,namecheap,,,18/09/2026 05:19
6e896aae-45c1-4422-a327-3d5157c5ce85,tumbleweed.dealer,premium,4278,2660,high,low,10,namesilo,,,18/09/2026 15:52
72d96b0d-7766-4445-9057-1562c4e7b22d,sets.dealer,premium,2170,2800,medium,low,4,namecheap,,,
28f1e887-68cc-4a2c-ae84-3d38cc0bd0ce,eruptive.dealer,available,350,3799.99,medium,low,8,name.com,,,17/08/2026 13:12
a190e2ea-dcf6-4f01-bdf3-0dbbc7043f9d,queenlike.dealer,available,498,2348,medium,low,9,namecheap,,,09/09/2026 07:54
167a5ed1-927a-44bb-bcaa-668e5ee7a203,shuha.dealer,available,498,2348,medium,low,5,namecheap,,,10/09/2026 07:04
ebe5359d-47cd-4737-b1da-8bb098bb3a10,dbs.dealer,premium,1604.45,2070.2,high,low,3,spaceship,,,01/10/2026 10:18
14ed47e8-0c10-48a3-ae74-d2ee230dde1f,mbc.dealer,available,2099,2099,high,low,3,namesilo,,,01/10/2026 07:39
6b9decb2-c3c5-48c3-9507-b160fb2604ee,medium.dealer,premium,4278,2660,high,low,6,namesilo,,,30/09/2026 05:58
476b5ab3-e632-4c9a-8df9-e06a5e4ad85d,mitotic.dealer,premium,2015,2600,medium,low,7,namecheap,,,25/08/2026 02:08
313c4b95-6109-42ad-8fd0-b0be19827cb1,junctions.dealer,premium,4278,2660,medium,low,9,namesilo,,,27/09/2026 03:20
f0e03442-2042-4d62-bda8-fb0256d07a15,kyiv.dealer,available,2099,2099,high,low,4,namesilo,,,30/09/2026 13:29
12ebc9c8-a706-4373-ac03-761121dcb083,orpin.dealer,available,350,3799.99,medium,low,5,name.com,,,24/08/2026 08:00
7695d68f-37c7-444c-a48e-56df86821256,needing.dealer,premium,1604.45,2070.2,high,low,7,spaceship,,,01/10/2026 10:18
85db5731-cdf9-4fd4-9764-7e7bc5713185,galleries.dealer,premium,4278,2660,medium,low,9,namesilo,,,30/09/2026 07:08
6af6cc5e-ad1f-49fe-9fe8-415a125773f6,twofold.dealer,premium,2015,2600,medium,low,7,namecheap,,,14/08/2026 16:39
a110f185-ef7f-440e-9bcc-33218d6a55a5,undiluted.dealer,premium,2015,2600,medium,low,9,namecheap,,,12/09/2026 08:03
ed338c60-968e-4415-bba9-5f8bc1031cf2,lesion.dealer,premium,2015,2600,medium,low,6,namecheap,,,13/09/2026 13:28
4e97c3a3-6d98-4a37-8711-2d894be05002,artesian.dealer,available,350,3799.99,medium,low,8,name.com,,,06/08/2026 22:39
8b5d3154-3916-4f69-bfb4-749cce5d4321,significance.dealer,premium,2140.22,2140.22,high,low,12,dynadot,,,28/09/2026 08:20
e317938a-addd-4b09-9e9f-8a1f05381cce,jawed.dealer,available,350,3799.99,medium,low,5,name.com,,,22/08/2026 12:32
cb146df3-0190-415a-8b33-356bd4213ff7,cabell.dealer,available,2000.2,2000.2,medium,low,6,cloudflare,,,30/09/2026 08:52
677d7891-dc25-43ad-8e3b-90d0a77c203b,wordsworth.dealer,premium,1604.45,2070.2,medium,low,10,spaceship,,,28/09/2026 15:34
6960cf86-0a6c-49aa-b3cb-538189983af7,horrific.dealer,premium,2015,2600,medium,low,8,namecheap,,,14/08/2026 08:59
a5ee045c-3e96-42d3-af45-9f05d9fd0c40,thank.dealer,premium,2170,2800,high,low,5,namecheap,,,30/09/2026 20:04
7c838a0b-f147-4b6e-a94b-fd8d59314747,copenhagen.dealer,premium,2015,2600,high,low,10,namecheap,,,29/09/2026 18:27
ffdd5fb5-df2e-4259-97a8-db4041405e4f,negev.dealer,premium,,,medium,low,5,,,,30/09/2026 18:10
b8f902bf-8cab-469c-8e4f-810cbd3ab142,improving.dealer,premium,2015,2600,high,low,9,namecheap,,,21/08/2026 23:17
f8c28c51-17c7-4475-bb8b-f4d153c28d5e,overjoy.dealer,available,2140.22,2140.22,high,low,7,dynadot,,,30/09/2026 21:15
0893e77d-a19f-45b0-a4ae-ff5ad5dac33a,beasts.dealer,premium,1604.45,2070.2,low,low,6,spaceship,,,28/09/2026 23:05
d409942b-5f76-4d04-a69c-947b7633d9cb,quicker.dealer,premium,2015,2600,high,low,7,namecheap,,,14/09/2026 17:44
ec4cefe2-71b1-4555-bc7c-c3fc4477cd79,algerie.dealer,available,2099,2099,high,low,7,namesilo,,,18/09/2026 06:58
36c6c730-3430-455a-8382-992c0338760c,rivalrous.dealer,available,498,2348,medium,low,9,namecheap,,,09/09/2026 18:06
5e2aab7b-2ce4-46b9-a6bc-76cad11d6296,personalities.dealer,premium,1604.45,2070.2,medium,low,13,spaceship,,,29/09/2026 00:05
0690dcbb-b9ea-469c-b076-79b67d899865,recruitment.dealer,premium,4278,2660,high,low,11,namesilo,,,29/09/2026 15:56
8fdb8516-b99d-4a3b-a671-39f157b7e4c3,liz.dealer,premium,4278,2660,high,low,3,namesilo,,,25/09/2026 14:24
6e6cf720-ac9c-44b3-ae67-d1f5d40ac011,needs.dealer,premium,1604.45,2070.2,high,low,5,spaceship,,,28/09/2026 15:53
4bfd1c0f-7255-4b0e-952d-5294a2572ee4,phone.dealer,premium,2170,2800,high,low,5,namecheap,,,29/09/2026 17:28
2c1d0e5f-ca99-44a0-a146-28138d7de39b,albums.dealer,premium,1604.45,2070.2,low,low,6,spaceship,,,29/09/2026 05:39
80dc4793-2c06-441d-acef-daf997859110,etiology.dealer,premium,2015,2600,medium,low,8,namecheap,,,17/09/2026 13:48
e0fbc2c3-9c34-4642-90db-071853ce465a,ringer.dealer,premium,2015,2600,high,low,6,namecheap,,,23/09/2026 05:42
f6357515-fe8b-4e5b-867a-e3e0ee18f174,truths.dealer,premium,,,medium,low,6,,,,30/09/2026 06:17
cc535b7d-d21f-4df9-b5b8-42a79f78424d,tvs.dealer,premium,1604.45,2070.2,high,low,3,spaceship,,,30/09/2026 00:49
644929f2-6928-4a53-b83b-3806c7967c39,travis.dealer,premium,4278,2660,high,low,6,namesilo,,,25/09/2026 13:01
492d5576-3f80-4056-820d-d80ab74362be,maris.dealer,premium,1604.45,2070.2,high,low,5,spaceship,,,30/09/2026 05:12
8cb3ee3f-0a81-4bd6-b048-fa4ab520eb66,hammering.dealer,premium,,,high,low,9,,,,01/10/2026 02:23
3cf376ad-9867-4220-9f74-ff3c7db95d67,elvis.dealer,premium,1604.45,2070.2,high,low,5,spaceship,,,29/09/2026 00:14
0f09dc89-2c0f-445c-9710-3e479c271665,proposals.dealer,premium,,,medium,low,9,,,,30/09/2026 00:25
0037d6ac-8245-4cba-a971-c104f8c0772b,dollars.dealer,premium,2015,2600,high,low,7,namecheap,,,17/09/2026 07:00
7eab5149-0967-456b-8204-26fce8663a94,disclose.dealer,premium,4278,2660,high,low,8,namesilo,,,29/09/2026 20:42
c6d6e791-90bf-44f4-bc7e-54dbf77f3e4f,comatose.dealer,premium,2015,2600,medium,low,8,namecheap,,,12/08/2026 18:25
9c908b3b-d42f-4749-95fa-477a28e18708,pim.dealer,premium,,,high,low,3,,,,30/09/2026 20:02
77cd99b7-1e6e-4e68-911e-4799e1771a7c,woozy.dealer,premium,2015,2600,medium,low,5,namecheap,,,14/08/2026 14:06
b6121e69-a92e-4340-aab1-70b35ee600b2,stared.dealer,premium,4278,2660,medium,low,6,namesilo,,,18/09/2026 02:18
44e8ef91-6231-4863-8099-3e6368141e4b,exactly.dealer,premium,4278,2660,high,low,7,namesilo,,,26/09/2026 00:15
c0146e8a-8544-423f-bab9-295dd2cef9cd,buffet.dealer,premium,4278,2660,high,low,6,namesilo,,,19/09/2026 17:05
e430376f-1c59-42be-a7b1-1691341ee771,sickness.dealer,premium,4278,2660,high,low,8,namesilo,,,27/09/2026 04:31
6557c02f-b6bc-42f0-b475-cf70a5537502,penning.dealer,premium,4278,2660,medium,low,7,namesilo,,,21/09/2026 05:27
41385c30-81e4-42a3-87ba-cbb10e80246b,atrip.dealer,available,350,3799.99,low,low,5,name.com,,,07/08/2026 14:33
34c5e817-e3a6-42fc-bcf8-85bad6271abd,identity.dealer,premium,1604.45,2070.2,high,medium,8,spaceship,,,30/09/2026 21:00
c57f1fdf-1d9f-433d-a73c-f495fb8eb005,untried.dealer,premium,2015,2600,medium,low,7,namecheap,,,12/09/2026 21:15
2a4d4a1d-96d1-4156-8cfe-f42ebe092df6,wedded.dealer,premium,2015,2600,high,low,6,namecheap,,,13/09/2026 09:30
d9ed08a9-723c-4cd9-94fa-98d532e4bf71,goldwyn.dealer,premium,2015,2600,medium,low,7,namecheap,,,30/09/2026 17:29
5d830de9-4ae4-4efd-b1d9-8e61191be23e,nadh.dealer,available,258.95,2052.9,high,low,4,spaceship,,,01/10/2026 18:36
a2867246-a221-4f97-87db-947b670d8cec,arcminute.dealer,available,2099,2099,medium,low,9,namesilo,,,20/09/2026 02:40
5eaa43a0-e12f-4dcd-88f1-2d35a03c1920,harvesting.dealer,premium,4278,2660,high,low,10,namesilo,,,01/10/2026 02:26
122e82d0-c27a-4253-bcb9-9bb5a2af2a14,eager.dealer,premium,4278,2660,high,low,5,namesilo,,,24/09/2026 12:48
ca500d55-4faa-4248-9be1-61552e326904,satisfying.dealer,premium,2015,2600,high,low,10,namecheap,,,12/08/2026 03:47
dd5358d5-1690-4f99-8140-ccb5e9fdc8d8,median.dealer,premium,2015,2600,high,low,6,namecheap,,,25/09/2026 18:47
08d386f7-36c0-40c7-8188-2070626def24,diver.dealer,premium,4278,2660,high,low,5,namesilo,,,29/09/2026 00:40
33656a28-b5f9-4ff2-9626-a45f79e32b99,room.dealer,premium,4278,2660,high,low,4,namesilo,,,01/10/2026 16:16
c2492c3e-7120-482a-93c1-827e850d0338,daily.dealer,premium,4278,2660,high,medium,5,namesilo,,,24/09/2026 04:21
f6333817-4281-4e8f-8dba-e311befe4143,determines.dealer,premium,4278,2660,medium,low,10,namesilo,,,19/09/2026 23:58
41247b22-e13b-4073-a256-b994b03cd7b3,mentioning.dealer,premium,2015,2600,medium,low,10,namecheap,,,17/09/2026 21:20
df7eb242-0529-446e-9d65-f623bf982a8d,reputedly.dealer,premium,2015,2600,medium,low,9,namecheap,,,15/09/2026 23:20
7d6e59ba-3f54-4eed-bab1-859dbd10dd54,dixon.dealer,premium,4278,2660,medium,low,5,namesilo,,,25/09/2026 17:44
b4650f1d-8d46-4f98-b899-01b1cb5f61cd,jolly.dealer,premium,2015,2600,high,low,5,namecheap,,,25/09/2026 11:52
49849516-c1f5-435d-a7b6-57ad3902a510,disjoined.dealer,available,350,3799.99,medium,low,9,name.com,,,14/08/2026 11:07
8ed283ab-9c6e-4914-848c-0c7abf0cc389,solicit.dealer,premium,2015,2600,high,low,7,namecheap,,,27/09/2026 16:11
2be46328-ce23-44ad-8d21-fcbdaf450ddc,aphrodite.dealer,premium,4278,2660,high,low,9,namesilo,,,19/09/2026 17:15
8b4e3723-91ca-4ac1-aa76-48c17d20be5c,strep.dealer,premium,2015,2600,medium,low,5,namecheap,,,10/09/2026 22:28
4dbf8cff-5efa-4ce9-8e99-a0219c8e8227,markedly.dealer,premium,2015,2600,medium,low,8,namecheap,,,15/09/2026 13:31
de25188e-e144-467d-be2e-ed801fe84fff,czechoslovak.dealer,available,2099,2099,medium,low,12,namesilo,,,26/09/2026 03:18
81825061-c8dc-42f2-a5d6-0a3042ecae50,seperation.dealer,available,2099,2099,low,low,10,namesilo,,,18/09/2026 17:16
c3025391-ae4b-4fdb-a624-9f1bc8a99e74,circumcision.dealer,premium,1604.45,2070.2,high,low,12,spaceship,,,30/09/2026 14:37
894fed1b-7dbf-49b4-8080-3ec7b486bac5,damnably.dealer,available,350,3799.99,low,low,8,name.com,,,13/08/2026 16:35
214577ac-6650-4c2d-862f-0cf7c47114f8,donnelly.dealer,premium,4278,2660,medium,low,8,namesilo,,,27/09/2026 20:53
026b33ac-b2e2-456e-bd82-0d75c2901b96,indira.dealer,premium,4278,2660,medium,low,6,namesilo,,,29/09/2026 22:36
f8119e93-230e-4710-a20b-f5557ca95926,kindness.dealer,premium,1604.45,2070.2,high,low,8,spaceship,,,29/09/2026 19:54
b073c437-806c-4d46-8df1-8a1ddde2a48d,preteen.dealer,premium,2015,2600,high,medium,7,namecheap,,,09/09/2026 01:08
0144ada8-3975-4e53-9bae-1d0624b7fe9b,pig.dealer,premium,1692.6,2183.84,high,low,3,porkbun,,,29/09/2026 11:33
4b450486-ddcf-4645-90d0-8c64779ef15d,bridal.dealer,premium,2015,2600,high,low,6,namecheap,,,11/08/2026 03:53
8537c345-6376-4537-b345-ba0aac09e921,radiography.dealer,available,258.95,2052.9,high,low,11,spaceship,,,30/09/2026 23:27
9a530f8f-f822-4aae-823d-a9ae02387cec,healing.dealer,premium,4278,2660,high,low,7,namesilo,,,24/09/2026 23:36
b1949db4-adec-4122-acc3-fff3b6513e87,bullheaded.dealer,available,350,3799.99,medium,low,10,name.com,,,11/08/2026 08:30
036deed9-7216-4a32-b07e-8bd6b2261702,bradstreet.dealer,available,2099,2099,medium,low,10,namesilo,,,19/09/2026 10:16
ae19b9d4-d1f8-4d16-929a-7d838a99a50f,dynamical.dealer,premium,2015,2600,high,low,9,namecheap,,,14/08/2026 21:57
f144fb89-a239-45a9-abe1-d1103f7111c3,dismount.dealer,premium,2015,2600,high,low,8,namecheap,,,24/09/2026 22:48
78bc50cb-48ad-4f55-87f0-b446fe1e10ce,advances.dealer,premium,2015,2600,medium,low,8,namecheap,,,28/09/2026 23:36
0676220e-84b9-471d-b3f6-3b60fca9369d,ahead.dealer,premium,4278,2660,high,low,5,namesilo,,,21/09/2026 23:29
a7ce663d-eeca-4718-90af-0a518bbb7ffb,torquay.dealer,available,498,2348,medium,low,7,namecheap,,,30/09/2026 21:29
fdaf6022-7327-4171-843e-d10c4f5a03c2,airmanship.dealer,available,2099,2099,medium,low,10,namesilo,,,17/09/2026 23:16
322b3860-1926-43ee-b0ba-69361f2c7e89,cheaper.dealer,premium,,,medium,low,7,,,,28/09/2026 08:27
6f572341-f2f0-4809-996a-439bdf697d08,robin.dealer,premium,1604.45,2070.2,high,low,5,spaceship,,,28/09/2026 21:00
0fff5d4a-1418-44af-b73c-71364760a0cf,devotes.dealer,premium,4278,2660,medium,low,7,namesilo,,,20/09/2026 02:04
98d58def-4985-4d33-b34c-10159156af3a,established.dealer,premium,1604.45,2070.2,high,low,11,spaceship,,,01/10/2026 19:18
44d160dd-577d-466d-8de0-dfd2ceaa548d,distances.dealer,premium,1604.45,2070.2,low,low,9,spaceship,,,30/09/2026 15:36
b5044be8-cda8-478e-9aff-52477a6fa91c,zealous.dealer,premium,2015,2600,high,low,7,namecheap,,,13/09/2026 15:10
d3781a96-841f-49d3-ac3f-48806564e03b,aquarius.dealer,premium,2015,2600,high,low,8,namecheap,,,19/09/2026 23:03
8c56d884-ef9f-41a8-9e56-caab09ec9cd5,axes.dealer,premium,2170,2800,low,low,4,namecheap,,,
0d1dfa14-953b-444d-8300-7e6653d489f1,halle.dealer,premium,4278,2660,high,low,5,namesilo,,,27/09/2026 04:25
eddc51d1-9b99-4aa8-8f25-9534005fddcb,thunderbolt.dealer,premium,2015,2600,high,low,11,namecheap,,,01/10/2026 05:34
92b49f3f-b51a-4007-91d4-7114e9f5b460,plodder.dealer,available,498,2348,medium,low,7,namecheap,,,10/09/2026 20:23
b8c247aa-3cd1-4776-9805-9793c3e0dad7,goods.dealer,premium,2015,2600,high,low,5,namecheap,,,
ecfc518a-785c-46fd-bfb4-8db34043ba1e,twenties.dealer,premium,4278,2660,high,low,8,namesilo,,,16/09/2026 12:09
53ce59df-7a93-46fa-92cf-dc0dbbbbd837,resolution.dealer,premium,1604.45,2070.2,high,low,10,spaceship,,,29/09/2026 19:23
6421e930-99f5-4764-822b-34971230cb33,sectorial.dealer,available,498,2348,medium,low,9,namecheap,,,10/09/2026 01:22
a5e8e435-0922-4c84-a5bb-2f4b54e5b5b3,farmland.dealer,premium,2140.22,2140.22,high,low,8,dynadot,,,01/10/2026 01:39
40025b1e-7661-4c64-b1cc-6dd65d96f0c5,anodal.dealer,available,498,2348,medium,low,6,namecheap,,,
18951fa8-9be4-4601-930a-97f3dea3530b,lugano.dealer,available,2000.2,2000.2,high,low,6,cloudflare,,,02/10/2026 00:46
dc273c01-e627-4df9-ae79-b380e6ddf164,puzzling.dealer,premium,2015,2600,high,low,8,namecheap,,,17/08/2026 09:15
cca83455-af98-4474-83ca-4c7dfaa6ff49,psych.dealer,premium,2140.22,2140.22,high,low,5,dynadot,,,01/10/2026 22:36
082c08e9-2823-420d-a824-bc9b5fa01240,publicized.dealer,premium,4278,2660,high,low,10,namesilo,,,27/09/2026 08:05
3824b5ec-64fb-4d40-baf0-303551f871b5,harm.dealer,premium,2015,2600,high,low,4,namecheap,,,08/09/2026 07:44
2f7864f5-5cb7-45a1-8019-6f7a76384dd2,expressive.dealer,premium,2015,2600,high,low,10,namecheap,,,17/08/2026 18:50
9f6fa739-03ad-429e-a7cb-bf7f31ae8872,donaldson.dealer,premium,2015,2600,medium,low,9,namecheap,,,27/09/2026 01:45
9fb05599-4b8d-4617-9c67-24ce0e883c71,nibbed.dealer,available,498,2348,low,low,6,namecheap,,,03/09/2026 16:57
c1c337f8-9809-4ca7-a201-7587d5854d92,pestered.dealer,premium,2015,2600,medium,low,8,namecheap,,,21/08/2026 00:13
6c6ec8c2-435e-4d6b-8663-a7b7f8cf8409,enigmatic.dealer,premium,2015,2600,high,low,9,namecheap,,,17/08/2026 09:13
b08190f9-b4ec-4752-896b-127b0c02ae6c,flirt.dealer,premium,2015,2600,high,low,5,namecheap,,,24/09/2026 18:13
c6760d1e-d342-435c-afad-6a0f0abba49f,meliorist.dealer,available,498,2348,high,medium,9,namecheap,,,09/09/2026 12:46
8b53c47c-5f87-473e-87b4-3a812bdf9413,adient.dealer,available,350,3799.99,medium,low,6,name.com,,,
51c69c42-76fa-4dea-bd5f-0ade7400d7f1,reached.dealer,premium,2015,2600,medium,low,7,namecheap,,,17/09/2026 19:16
9dccda74-df65-416c-8a30-d258ff26c582,subversive.dealer,premium,2015,2600,high,low,10,namecheap,,,22/08/2026 07:46
e805a94e-9653-43fb-b4cf-e058f2bc74b7,silvern.dealer,available,498,2348,high,medium,7,namecheap,,,10/09/2026 08:13
78ce704e-3ed8-4d77-961a-354de99200ba,sweeping.dealer,premium,2015,2600,high,low,8,namecheap,,,11/09/2026 05:31
499213bc-1dec-4fb6-a196-5f2a625df182,finest.dealer,premium,2015,2600,high,low,6,namecheap,,,25/09/2026 18:42
7c1ee84d-5d98-4038-bf5f-a86ee34232a7,intrastate.dealer,premium,2015,2600,high,low,10,namecheap,,,22/08/2026 08:45
a1000812-2a22-4403-be5f-8ead2a67d734,lsu.dealer,premium,1692.6,2183.84,high,low,3,porkbun,,,28/09/2026 21:28
d234aa44-76f2-48fb-84da-74ebc385936a,tongued.dealer,available,498,2348,medium,low,7,namecheap,,,11/09/2026 17:08
97d09cdd-3603-4ad8-a4c4-d27fc1a59a81,stabbing.dealer,premium,2015,2600,medium,low,8,namecheap,,,22/08/2026 19:19
b0405668-694b-4fb4-b104-3501919be267,biceps.dealer,premium,4278,2660,high,low,6,namesilo,,,23/09/2026 13:05
e3104126-5088-49a8-a59d-76970eda6f2d,sardinian.dealer,available,498,2348,high,medium,9,namecheap,,,09/09/2026 21:30
d69a412c-85ec-4ec2-9a1e-97a0085334de,supporters.dealer,premium,,,medium,low,10,,,,30/09/2026 07:11
1a7aa40a-e5f4-4a06-91fb-deb5a507f59f,dodgers.dealer,premium,1604.45,2070.2,high,medium,7,spaceship,,,30/09/2026 00:43
a4b3a9e0-6fa5-4a9d-8eea-855a597200cc,captivated.dealer,premium,2015,2600,medium,low,10,namecheap,,,09/08/2026 09:52
67ed37b5-c26a-4f24-9dfe-77574a11af82,ackee.dealer,available,2099,2099,medium,low,5,namesilo,,,17/09/2026 01:52
d0de6c61-732a-4982-987f-4226f1ab000c,toklas.dealer,available,2099,2099,medium,low,6,namesilo,,,18/09/2026 07:28
72a09da8-f6d8-474c-af51-85db8f2ba2e2,girdle.dealer,premium,2015,2600,high,low,6,namecheap,,,24/09/2026 15:02
3be92998-0eea-4de2-be33-ed5bd005609d,croatian.dealer,premium,2015,2600,high,low,8,namecheap,,,13/08/2026 07:32
48b2091c-a14a-4f2b-88bb-264c3184c798,tablespoons.dealer,premium,4278,2660,medium,low,11,namesilo,,,20/09/2026 10:16
56e7f2d4-1044-4e3d-b184-b717b3db3c14,cements.dealer,premium,4278,2660,medium,low,7,namesilo,,,20/09/2026 09:07
94349a19-b6e4-44ff-b62a-dde706bb5ad8,inevitably.dealer,premium,2015,2600,medium,low,10,namecheap,,,15/09/2026 08:09
1b5c5538-03c3-415e-808d-0e351dadb4d4,opponents.dealer,premium,4278,2660,low,low,9,namesilo,,,29/09/2026 16:42
27e922dc-4a99-4f31-919b-9983951a8bbc,apogee.dealer,premium,2015,2600,high,low,6,namecheap,,,19/09/2026 18:28
eaf01b2f-9d27-468d-a047-b47f5b7baf2a,dinner.dealer,premium,4278,2660,high,low,6,namesilo,,,29/09/2026 15:01
155a89dd-c657-40e6-854b-1b80ec3ce74d,tilled.dealer,premium,2015,2600,medium,low,6,namecheap,,,11/09/2026 15:57
ecfe4934-a4f6-45ab-98fd-61a056cef0dd,wendy.dealer,premium,4278,2660,high,low,5,namesilo,,,25/09/2026 12:39
e1f514d2-8509-4cbd-a2d1-526a21536b60,numerous.dealer,premium,2015,2600,high,low,8,namecheap,,,22/08/2026 23:01
c114fe2c-a34b-4bc4-8c6c-d990f8e99255,tar.dealer,premium,1604.45,2070.2,medium,low,3,spaceship,,,29/09/2026 01:06
76c71bf2-efe2-40ea-97bd-c67e8522e5b4,townsite.dealer,available,2099,2099,high,low,8,namesilo,,,30/09/2026 12:32
96b5bedd-8a15-4c39-81c6-ae16c4ebd113,predictive.dealer,premium,2015,2600,high,medium,10,namecheap,,,09/09/2026 01:25
2d215167-aaeb-47a8-8908-9ea4bbb9e403,dangerously.dealer,premium,1604.45,2070.2,medium,low,11,spaceship,,,29/09/2026 14:40
48020368-1a9e-4e73-9991-31fcd2b73c95,starry.dealer,premium,2015,2600,high,low,6,namecheap,,,10/09/2026 18:58
8c15d0ef-2a4c-400c-ad70-3e43e647446a,feathers.dealer,premium,,,medium,low,8,,,,28/09/2026 08:18
e4193a3d-3529-467e-8c10-b080068a0538,pao.dealer,premium,4278,2660,high,low,3,namesilo,,,29/09/2026 09:17
59511363-ae3d-462b-8f3f-1ad54f8d9fa2,tasmania.dealer,premium,1604.45,2070.2,high,low,8,spaceship,,,27/09/2026 16:02
84c18539-5c01-4ccb-8e6f-5dc02fc6acef,challenging.dealer,premium,2015,2600,high,low,11,namecheap,,,01/10/2026 19:37
c55ba848-a08d-4042-a24f-3a3076250c74,quaternity.dealer,available,350,3799.99,medium,low,10,name.com,,,
1121f15a-1dd8-46dd-8de1-cf9b9471fdb3,sported.dealer,premium,4278,2660,medium,low,7,namesilo,,,20/09/2026 16:50
a46a7bc0-d8ab-4fe6-a785-af6d5f651033,monogamous.dealer,premium,2015,2600,high,low,10,namecheap,,,25/08/2026 05:11
3fc08930-2b18-427a-95fe-8b4579be1964,literally.dealer,premium,1604.45,2070.2,medium,low,9,spaceship,,,28/09/2026 16:10
79d79359-4cf9-4e44-97c9-8187937e15c4,stall.dealer,premium,4278,2660,high,low,5,namesilo,,,27/09/2026 12:14
673af31b-719c-421f-b87a-7d783a8a2136,leavitt.dealer,premium,1604.45,2070.2,medium,low,7,spaceship,,,29/09/2026 04:25
2a6dccf6-f5ca-42f7-b59c-2774145fb2c0,abercrombie.dealer,premium,4278,2660,high,medium,11,namesilo,,,29/09/2026 22:37
cc8331b7-f17a-402a-9f96-8722a8e4b2b1,decolor.dealer,available,2099,2099,medium,low,7,namesilo,,,24/09/2026 05:10
a8c51bd5-7da3-40ce-b944-03c350d486a8,eastmost.dealer,available,350,3799.99,medium,low,8,name.com,,,14/08/2026 22:57
d5acc034-f744-4f9e-8f6d-c97ee0083340,hosts.dealer,premium,4278,2660,medium,low,5,namesilo,,,18/09/2026 22:23
460de3d7-c971-4a69-af1c-fb1e167968a7,rosaceous.dealer,available,498,2348,high,medium,9,namecheap,,,09/09/2026 18:39
a0d4a821-ca5c-452e-89e6-aaf1eb950465,kong.dealer,premium,4278,2660,high,low,4,namesilo,,,25/09/2026 12:08
69e8c8ac-459a-4e4b-81e0-8ccf95b43c4e,accountancy.dealer,available,350,,high,low,11,name.com,,,
ffc0f5f7-92fd-4444-b21b-626d672e2583,elisa.dealer,premium,,,high,low,5,,,,28/09/2026 09:35
ce537f32-1fc3-4ec0-8c47-1e9a8dbf7bfa,overtly.dealer,premium,2015,2600,medium,low,7,namecheap,,,15/09/2026 18:31
58cc98a5-87e4-4601-afa6-d7badd056010,lively.dealer,premium,4278,2660,high,medium,6,namesilo,,,23/09/2026 01:27
8a19a0c9-d41a-4273-9cce-4bdd59314540,midtown.dealer,premium,,,high,low,7,,,,01/10/2026 14:20
fa2da055-01e5-4ab3-8f52-c303d72cc1e8,courtenay.dealer,available,2099,2099,medium,low,9,namesilo,,,29/09/2026 22:46
724f1fe6-22a7-4105-ae7c-a226bfbff6d4,withstand.dealer,premium,1604.45,2070.2,high,low,9,spaceship,,,29/09/2026 14:12
4edf495d-60f4-478a-89c6-41f7afd6ea6f,uncritical.dealer,premium,2015,2600,medium,low,10,namecheap,,,12/09/2026 06:26
a783f414-25a3-4a5e-a5bd-f3cf39d132e6,absolutely.dealer,premium,1604.45,2070.2,high,low,10,spaceship,,,28/09/2026 11:36
315448db-556a-46be-a91e-7e3d434b899f,regulation.dealer,premium,2015,2600,high,low,10,namecheap,,,09/09/2026 13:07
60a5ceb2-02c0-4155-aeb1-93cfe2d1a15f,indulgence.dealer,premium,2015,2600,high,low,10,namecheap,,,05/09/2026 00:24
b2d49928-3585-49cb-af86-8ad03e2c5cc5,starvation.dealer,premium,2015,2600,medium,low,10,namecheap,,,10/09/2026 19:06
751c1d4b-8e18-4fa4-8f38-492612cef90c,bounder.dealer,available,2099,2099,medium,low,7,namesilo,,,24/09/2026 02:20
8409aa0b-eb97-4141-9287-6e57ed6fb66a,bath.dealer,premium,4278,2660,high,low,4,namesilo,,,29/09/2026 01:30
a3a996c2-ffbd-418d-b21a-c0b962c566ca,recursive.dealer,premium,2015,2600,high,medium,9,namecheap,,,09/09/2026 12:05
c1975dd8-43c5-46ec-954e-2fc8945bc9fb,candles.dealer,premium,4278,2660,high,low,7,namesilo,,,18/09/2026 07:24
f8663483-ae34-4974-9951-866e8f3ba972,proved.dealer,premium,4278,2660,high,low,6,namesilo,,,27/09/2026 07:48
4079d5d2-61c0-4b62-a4c4-877c499f137b,myotonic.dealer,available,498,2348,medium,low,8,namecheap,,,03/09/2026 12:15
da8ac771-554c-4a95-ad53-632840699244,rancid.dealer,premium,2015,2600,high,medium,6,namecheap,,,09/09/2026 10:12
a75ae2f1-8f0f-4dd1-8487-7a677bbfc94f,tapered.dealer,premium,2015,2600,medium,low,7,namecheap,,,03/09/2026 13:29
e125d0c3-2291-4ed1-a1cd-afcfc16f8163,slender.dealer,premium,2015,2600,high,low,7,namecheap,,,24/08/2026 01:14
322f6027-7b57-4f62-8955-38d787f735a5,sixer.dealer,available,350,3799.99,medium,low,5,name.com,,,
d1e11c31-3234-4d90-a046-92b3465fe8a2,middling.dealer,premium,2015,2600,medium,low,8,namecheap,,,22/08/2026 13:46
fe3b6cd7-9248-446b-bde8-289bf16b0dc7,phoned.dealer,premium,4278,2660,medium,low,6,namesilo,,,30/09/2026 00:38
3e5ad37a-e1c6-4bb4-9ff3-b23fa378722b,aut.dealer,available,258.95,2052.9,high,low,3,spaceship,,,01/10/2026 23:53
fb6e7d1d-74b4-42f7-89a1-b5d5e4fef9f9,phones.dealer,premium,4278,2660,high,low,6,namesilo,,,20/09/2026 09:31
a31bc761-99b9-4d0c-905b-397ab7d7cbcd,antapex.dealer,available,2099,2099,medium,low,7,namesilo,,,19/09/2026 12:32
fdee8f41-8d8d-4c88-9375-bc254da35fdd,impose.dealer,premium,4278,2660,medium,low,6,namesilo,,,28/09/2026 10:13
b14bc53e-dc5b-4fd1-860c-d5851c06f833,debatable.dealer,premium,2499,3799.99,medium,low,9,name.com,,,13/08/2026 20:12
ee8d22ee-089a-492d-a1ec-a40439cc1796,dionysian.dealer,available,350,3799.99,medium,low,9,name.com,,,14/08/2026 08:24
0c37ad77-46a3-4c75-b537-f388e6a595f8,leaders.dealer,premium,2140.22,2140.22,high,low,7,dynadot,,,30/09/2026 02:31
6ae9e65f-7969-4fcf-91d9-a553f3a9c1eb,unasked.dealer,available,498,2348,medium,low,7,namecheap,,,12/09/2026 01:10
84b93d81-331b-47a2-88d6-6e644d5783b0,behave.dealer,premium,4278,2660,high,low,6,namesilo,,,30/09/2026 15:41
fb981931-4aeb-43cb-808a-70f789781d85,epr.dealer,premium,2140.22,2140.22,high,low,3,dynadot,,,30/09/2026 20:30
783bb2df-eba5-4f0b-b784-8b65d2e720a5,jazzy.dealer,premium,2015,2600,high,low,5,namecheap,,,22/08/2026 12:35
dca325d4-2405-4782-91a9-ca76ffb708a3,modestly.dealer,premium,2015,2600,medium,low,8,namecheap,,,15/09/2026 15:13
85e15cd3-57a9-426d-bebf-de0d794600e5,provocative.dealer,premium,1604.45,2070.2,high,low,11,spaceship,,,29/09/2026 08:33
58acd79a-7c15-4170-beb9-a8e5e97fc240,constraining.dealer,premium,4278,2660,medium,low,12,namesilo,,,01/10/2026 23:03
26cb387b-850d-4288-98ed-37abea93d88c,mcwilliams.dealer,premium,4278,2660,medium,low,10,namesilo,,,02/10/2026 01:12
56105dfe-a05e-4f40-b956-e2b6dc486a24,plenary.dealer,premium,2015,2600,high,low,7,namecheap,,,08/09/2026 21:06
e61a18ca-996f-496f-92b2-86e8a9966259,quits.dealer,premium,2015,2600,high,low,5,namecheap,,,09/09/2026 09:02
3cf79b18-e1a4-44bd-9308-e9cc3e5bf022,algorism.dealer,available,2099,2099,medium,low,8,namesilo,,,18/09/2026 07:14
c996ea27-1532-4748-9525-8d00b1be86e9,pluton.dealer,available,2099,2099,medium,low,6,namesilo,,,22/09/2026 13:46
3ce3a405-73ed-48db-89d0-1026eac4ff4d,constance.dealer,premium,1604.45,2070.2,medium,low,9,spaceship,,,28/09/2026 18:26
2dd540c1-7f35-48a0-a932-48a83bd29b1b,distinctions.dealer,premium,4278,2660,medium,low,12,namesilo,,,20/09/2026 03:54
c8e7d71b-11e9-4dd7-9be5-ece64f586563,accent.dealer,premium,4278,2660,high,low,6,namesilo,,,16/09/2026 21:50
0acdff70-e78b-4ef3-ab38-bc1c9fdee7bd,minority.dealer,premium,4278,2660,high,low,8,namesilo,,,28/09/2026 14:53
1047fce2-7544-40ae-b343-34034707581b,environments.dealer,premium,1604.45,2070.2,medium,low,12,spaceship,,,01/10/2026 16:16
2b377a87-3a34-40be-9de3-3d365c12a1bf,slovenly.dealer,premium,2015,2600,medium,low,8,namecheap,,,18/08/2026 16:55
971312c5-1599-4830-adbe-b07ca6f8436a,antagonism.dealer,premium,4278,2660,medium,low,10,namesilo,,,19/09/2026 12:27
45f2cece-cb90-4797-a6d0-18fb9c0b1a34,benefit.dealer,premium,4278,2660,high,low,7,namesilo,,,23/09/2026 07:55
234bd474-a899-4abd-ba95-1d3ed2560dfa,arity.dealer,available,498,2348,medium,low,5,namecheap,,,20/09/2026 06:02
6a808502-6721-476d-b3ea-ff361b3472cd,auspices.dealer,premium,4278,2660,medium,low,8,namesilo,,,17/09/2026 12:16
fc87aeb8-ae41-43e8-9e51-a7d2af490867,arrows.dealer,premium,4278,2660,medium,low,6,namesilo,,,17/09/2026 06:24
0377efff-3b5e-439b-89e9-727855eed973,also.dealer,premium,4278,2660,high,low,4,namesilo,,,28/09/2026 12:05
1fb4a549-e7d6-4e16-a2cc-fa69c2a37e64,reciprocal.dealer,premium,2015,2600,high,low,10,namecheap,,,09/09/2026 11:29
0249d32f-ac50-4e5f-9053-ce371c81314b,ablation.dealer,premium,4278,2660,medium,low,8,namesilo,,,16/09/2026 16:05
403424d2-b24e-4c88-aed3-530e7cc315f8,queasy.dealer,premium,2015,2600,medium,low,6,namecheap,,,24/08/2026 08:26
6979c26f-5d7c-4e2a-9185-e286c50e40c2,sinai.dealer,premium,4278,2660,high,low,5,namesilo,,,25/09/2026 09:30
ce9d1936-d77f-450c-9ed8-3d1858fa1612,soaked.dealer,premium,2015,2600,medium,low,6,namecheap,,,09/08/2026 15:52
9c558480-3f37-42d2-9735-1f32cd06dd7e,enlightened.dealer,premium,1604.45,2070.2,high,low,11,spaceship,,,29/09/2026 20:59
b2937661-6f4f-43d0-bf96-869793944b91,respondents.dealer,premium,4278,2660,medium,low,11,namesilo,,,25/09/2026 21:41
14b8a086-09ff-4af3-982c-9cb72e586918,marietta.dealer,premium,2140.22,2140.22,high,low,8,dynadot,,,28/09/2026 04:02
ad2f834b-e2c3-44f4-a2cc-2fbd7c3e1af0,summon.dealer,premium,,,high,low,6,,,,29/09/2026 01:42
ba82d9b7-e153-44b6-aa1f-cabe1bb8f702,holton.dealer,premium,4278,2660,medium,low,6,namesilo,,,01/10/2026 16:52
faa4e339-50ee-43c4-a386-220382a2b8b5,herzog.dealer,premium,1604.45,2070.2,high,low,6,spaceship,,,28/09/2026 16:13
3ec922f6-1475-48f2-bc19-f592f30a1581,collar.dealer,premium,4278,2660,high,low,6,namesilo,,,20/09/2026 09:02
7d30a14f-4ca1-456b-82d8-fd3033b16db3,mated.dealer,premium,2015,2600,medium,low,5,namecheap,,,24/08/2026 17:10
ba38588f-479e-429f-86eb-6ae748954613,xiv.dealer,premium,4278,2660,high,low,3,namesilo,,,21/09/2026 11:42
a3553f42-e464-4204-8186-cbf77c28d350,spender.dealer,premium,4278,2660,high,low,7,namesilo,,,19/09/2026 09:49
6bf0af7f-aa7c-49a9-9e18-db23262f324c,thusly.dealer,premium,4278,2660,medium,low,6,namesilo,,,16/09/2026 09:04
cdb4298a-8372-4a8b-98a3-3922611251b1,partition.dealer,premium,1692.6,2183.84,high,low,9,porkbun,,,30/09/2026 10:49
81645ea8-1862-4e32-8590-14a8f0cd9696,contorted.dealer,premium,2015,2600,medium,low,9,namecheap,,,12/08/2026 23:22
ea016839-924f-4b13-8228-603698a1652a,twinning.dealer,available,350,3799.99,high,low,8,name.com,,,10/08/2026 04:17
3c0ce0fe-a508-4e40-85d1-df6fd511d244,accompanied.dealer,premium,4278,2660,medium,low,11,namesilo,,,29/09/2026 10:27
6eae18de-b814-47f4-818e-2e5ec8a9d635,viper.dealer,premium,,,high,low,5,,,,30/09/2026 03:06
7726e723-cbd1-402c-a686-3e634ab09986,respite.dealer,premium,4278,2660,high,low,7,namesilo,,,16/09/2026 14:06